objective_id,geo,eval_date,period,numerator,denominator,value,indicator_id,ind_period,ind_period_end,ind_available_from,ind_value,ind_unit,ind_obs_status,ind_data_origin,age_days,stale
NEW_HIRE_6M,BG,2021-03-31,2021Q1,12,12.0,1.0,unemployment_rate,2021-01,2021-01-31,2021-03-17,6.0,% of active population,,live,59,False
NEW_HIRE_6M,BG,2021-06-30,2021Q2,16,17.0,0.9411764705882353,unemployment_rate,2021-04,2021-04-30,2021-06-14,5.5,% of active population,,live,61,False
NEW_HIRE_6M,BG,2021-09-30,2021Q3,18,20.0,0.9,unemployment_rate,2021-07,2021-07-31,2021-09-14,5.0,% of active population,,live,61,False
NEW_HIRE_6M,BG,2021-12-31,2021Q4,17,20.0,0.85,unemployment_rate,2021-10,2021-10-31,2021-12-15,4.6,% of active population,,live,61,False
NEW_HIRE_6M,BG,2022-03-31,2022Q1,13,15.0,0.8666666666666667,unemployment_rate,2022-01,2022-01-31,2022-03-17,4.4,% of active population,,live,59,False
NEW_HIRE_6M,BG,2022-06-30,2022Q2,13,15.0,0.8666666666666667,unemployment_rate,2022-04,2022-04-30,2022-06-14,4.4,% of active population,,live,61,False
NEW_HIRE_6M,BG,2022-09-30,2022Q3,15,19.0,0.7894736842105263,unemployment_rate,2022-07,2022-07-31,2022-09-14,4.0,% of active population,,live,61,False
NEW_HIRE_6M,BG,2022-12-31,2022Q4,12,13.0,0.9230769230769231,unemployment_rate,2022-10,2022-10-31,2022-12-15,3.8,% of active population,,live,61,False
NEW_HIRE_6M,BG,2023-03-31,2023Q1,16,16.0,1.0,unemployment_rate,2023-01,2023-01-31,2023-03-17,4.0,% of active population,,live,59,False
NEW_HIRE_6M,BG,2023-06-30,2023Q2,19,22.0,0.8636363636363636,unemployment_rate,2023-04,2023-04-30,2023-06-14,4.4,% of active population,,live,61,False
NEW_HIRE_6M,BG,2023-09-30,2023Q3,8,9.0,0.8888888888888888,unemployment_rate,2023-07,2023-07-31,2023-09-14,4.5,% of active population,,live,61,False
NEW_HIRE_6M,BG,2023-12-31,2023Q4,16,18.0,0.8888888888888888,unemployment_rate,2023-10,2023-10-31,2023-12-15,4.3,% of active population,,live,61,False
NEW_HIRE_6M,BG,2024-03-31,2024Q1,20,24.0,0.8333333333333334,unemployment_rate,2024-01,2024-01-31,2024-03-16,4.7,% of active population,,live,60,False
NEW_HIRE_6M,BG,2024-06-30,2024Q2,16,22.0,0.7272727272727273,unemployment_rate,2024-04,2024-04-30,2024-06-14,4.3,% of active population,,live,61,False
NEW_HIRE_6M,BG,2024-09-30,2024Q3,21,27.0,0.7777777777777778,unemployment_rate,2024-07,2024-07-31,2024-09-14,3.9,% of active population,,live,61,False
NEW_HIRE_6M,BG,2024-12-31,2024Q4,16,19.0,0.8421052631578947,unemployment_rate,2024-10,2024-10-31,2024-12-15,4.0,% of active population,,live,61,False
NEW_HIRE_6M,BG,2025-03-31,2025Q1,11,12.0,0.9166666666666666,unemployment_rate,2025-01,2025-01-31,2025-03-17,3.7,% of active population,,live,59,False
NEW_HIRE_6M,BG,2025-06-30,2025Q2,20,21.0,0.9523809523809523,unemployment_rate,2025-04,2025-04-30,2025-06-14,3.4,% of active population,,live,61,False
NEW_HIRE_6M,GR,2021-03-31,2021Q1,15,15.0,1.0,unemployment_rate,2021-01,2021-01-31,2021-03-17,16.0,% of active population,,live,59,False
NEW_HIRE_6M,GR,2021-06-30,2021Q2,19,23.0,0.8260869565217391,unemployment_rate,2021-04,2021-04-30,2021-06-14,17.1,% of active population,,live,61,False
NEW_HIRE_6M,GR,2021-09-30,2021Q3,15,18.0,0.8333333333333334,unemployment_rate,2021-07,2021-07-31,2021-09-14,14.1,% of active population,,live,61,False
NEW_HIRE_6M,GR,2021-12-31,2021Q4,21,25.0,0.84,unemployment_rate,2021-10,2021-10-31,2021-12-15,13.2,% of active population,,live,61,False
NEW_HIRE_6M,GR,2022-03-31,2022Q1,8,11.0,0.7272727272727273,unemployment_rate,2022-01,2022-01-31,2022-03-17,13.1,% of active population,,live,59,False
NEW_HIRE_6M,GR,2022-06-30,2022Q2,21,22.0,0.9545454545454546,unemployment_rate,2022-04,2022-04-30,2022-06-14,12.5,% of active population,,live,61,False
NEW_HIRE_6M,GR,2022-09-30,2022Q3,16,16.0,1.0,unemployment_rate,2022-07,2022-07-31,2022-09-14,12.8,% of active population,,live,61,False
NEW_HIRE_6M,GR,2022-12-31,2022Q4,13,15.0,0.8666666666666667,unemployment_rate,2022-10,2022-10-31,2022-12-15,11.8,% of active population,,live,61,False
NEW_HIRE_6M,GR,2023-03-31,2023Q1,13,13.0,1.0,unemployment_rate,2023-01,2023-01-31,2023-03-17,10.5,% of active population,,live,59,False
NEW_HIRE_6M,GR,2023-06-30,2023Q2,13,17.0,0.7647058823529411,unemployment_rate,2023-04,2023-04-30,2023-06-14,11.4,% of active population,,live,61,False
NEW_HIRE_6M,GR,2023-09-30,2023Q3,25,26.0,0.9615384615384616,unemployment_rate,2023-07,2023-07-31,2023-09-14,11.7,% of active population,,live,61,False
NEW_HIRE_6M,GR,2023-12-31,2023Q4,7,8.0,0.875,unemployment_rate,2023-10,2023-10-31,2023-12-15,10.8,% of active population,,live,61,False
NEW_HIRE_6M,GR,2024-03-31,2024Q1,11,13.0,0.8461538461538461,unemployment_rate,2024-01,2024-01-31,2024-03-16,11.7,% of active population,,live,60,False
NEW_HIRE_6M,GR,2024-06-30,2024Q2,12,14.0,0.8571428571428571,unemployment_rate,2024-04,2024-04-30,2024-06-14,10.8,% of active population,,live,61,False
NEW_HIRE_6M,GR,2024-09-30,2024Q3,16,17.0,0.9411764705882353,unemployment_rate,2024-07,2024-07-31,2024-09-14,9.8,% of active population,,live,61,False
NEW_HIRE_6M,GR,2024-12-31,2024Q4,22,24.0,0.9166666666666666,unemployment_rate,2024-10,2024-10-31,2024-12-15,9.7,% of active population,,live,61,False
NEW_HIRE_6M,GR,2025-03-31,2025Q1,6,9.0,0.6666666666666666,unemployment_rate,2025-01,2025-01-31,2025-03-17,9.7,% of active population,,live,59,False
NEW_HIRE_6M,GR,2025-06-30,2025Q2,12,14.0,0.8571428571428571,unemployment_rate,2025-04,2025-04-30,2025-06-14,8.9,% of active population,,live,61,False
NEW_HIRE_6M,IE,2021-03-31,2021Q1,9,13.0,0.6923076923076923,unemployment_rate,2021-01,2021-01-31,2021-03-17,7.0,% of active population,,live,59,False
NEW_HIRE_6M,IE,2021-06-30,2021Q2,7,7.0,1.0,unemployment_rate,2021-04,2021-04-30,2021-06-14,7.5,% of active population,,live,61,False
NEW_HIRE_6M,IE,2021-09-30,2021Q3,13,16.0,0.8125,unemployment_rate,2021-07,2021-07-31,2021-09-14,5.7,% of active population,,live,61,False
NEW_HIRE_6M,IE,2021-12-31,2021Q4,15,17.0,0.8823529411764706,unemployment_rate,2021-10,2021-10-31,2021-12-15,5.3,% of active population,,live,61,False
NEW_HIRE_6M,IE,2022-03-31,2022Q1,12,15.0,0.8,unemployment_rate,2022-01,2022-01-31,2022-03-17,5.0,% of active population,,live,59,False
NEW_HIRE_6M,IE,2022-06-30,2022Q2,17,19.0,0.8947368421052632,unemployment_rate,2022-04,2022-04-30,2022-06-14,4.5,% of active population,,live,61,False
NEW_HIRE_6M,IE,2022-09-30,2022Q3,19,22.0,0.8636363636363636,unemployment_rate,2022-07,2022-07-31,2022-09-14,4.1,% of active population,,live,61,False
NEW_HIRE_6M,IE,2022-12-31,2022Q4,11,11.0,1.0,unemployment_rate,2022-10,2022-10-31,2022-12-15,4.5,% of active population,,live,61,False
NEW_HIRE_6M,IE,2023-03-31,2023Q1,18,20.0,0.9,unemployment_rate,2023-01,2023-01-31,2023-03-17,4.3,% of active population,,live,59,False
NEW_HIRE_6M,IE,2023-06-30,2023Q2,12,14.0,0.8571428571428571,unemployment_rate,2023-04,2023-04-30,2023-06-14,4.1,% of active population,,live,61,False
NEW_HIRE_6M,IE,2023-09-30,2023Q3,7,9.0,0.7777777777777778,unemployment_rate,2023-07,2023-07-31,2023-09-14,4.3,% of active population,,live,61,False
NEW_HIRE_6M,IE,2023-12-31,2023Q4,13,15.0,0.8666666666666667,unemployment_rate,2023-10,2023-10-31,2023-12-15,4.6,% of active population,,live,61,False
NEW_HIRE_6M,IE,2024-03-31,2024Q1,12,15.0,0.8,unemployment_rate,2024-01,2024-01-31,2024-03-16,4.4,% of active population,,live,60,False
NEW_HIRE_6M,IE,2024-06-30,2024Q2,15,17.0,0.8823529411764706,unemployment_rate,2024-04,2024-04-30,2024-06-14,4.4,% of active population,,live,61,False
NEW_HIRE_6M,IE,2024-09-30,2024Q3,16,17.0,0.9411764705882353,unemployment_rate,2024-07,2024-07-31,2024-09-14,4.4,% of active population,,live,61,False
NEW_HIRE_6M,IE,2024-12-31,2024Q4,14,16.0,0.875,unemployment_rate,2024-10,2024-10-31,2024-12-15,4.3,% of active population,,live,61,False
NEW_HIRE_6M,IE,2025-03-31,2025Q1,11,12.0,0.9166666666666666,unemployment_rate,2025-01,2025-01-31,2025-03-17,4.4,% of active population,,live,59,False
NEW_HIRE_6M,IE,2025-06-30,2025Q2,19,20.0,0.95,unemployment_rate,2025-04,2025-04-30,2025-06-14,4.6,% of active population,,live,61,False
NEW_HIRE_6M,IT,2021-03-31,2021Q1,20,23.0,0.8695652173913043,unemployment_rate,2021-01,2021-01-31,2021-03-17,10.1,% of active population,,live,59,False
NEW_HIRE_6M,IT,2021-06-30,2021Q2,14,15.0,0.9333333333333333,unemployment_rate,2021-04,2021-04-30,2021-06-14,10.3,% of active population,,live,61,False
NEW_HIRE_6M,IT,2021-09-30,2021Q3,19,27.0,0.7037037037037037,unemployment_rate,2021-07,2021-07-31,2021-09-14,9.1,% of active population,,live,61,False
NEW_HIRE_6M,IT,2021-12-31,2021Q4,18,21.0,0.8571428571428571,unemployment_rate,2021-10,2021-10-31,2021-12-15,9.1,% of active population,,live,61,False
NEW_HIRE_6M,IT,2022-03-31,2022Q1,21,23.0,0.9130434782608695,unemployment_rate,2022-01,2022-01-31,2022-03-17,8.5,% of active population,,live,59,False
NEW_HIRE_6M,IT,2022-06-30,2022Q2,6,8.0,0.75,unemployment_rate,2022-04,2022-04-30,2022-06-14,8.1,% of active population,,live,61,False
NEW_HIRE_6M,IT,2022-09-30,2022Q3,20,20.0,1.0,unemployment_rate,2022-07,2022-07-31,2022-09-14,8.0,% of active population,,live,61,False
NEW_HIRE_6M,IT,2022-12-31,2022Q4,13,18.0,0.7222222222222222,unemployment_rate,2022-10,2022-10-31,2022-12-15,7.8,% of active population,,live,61,False
NEW_HIRE_6M,IT,2023-03-31,2023Q1,20,23.0,0.8695652173913043,unemployment_rate,2023-01,2023-01-31,2023-03-17,7.9,% of active population,,live,59,False
NEW_HIRE_6M,IT,2023-06-30,2023Q2,17,21.0,0.8095238095238095,unemployment_rate,2023-04,2023-04-30,2023-06-14,7.9,% of active population,,live,61,False
NEW_HIRE_6M,IT,2023-09-30,2023Q3,15,18.0,0.8333333333333334,unemployment_rate,2023-07,2023-07-31,2023-09-14,7.8,% of active population,,live,61,False
NEW_HIRE_6M,IT,2023-12-31,2023Q4,15,20.0,0.75,unemployment_rate,2023-10,2023-10-31,2023-12-15,7.7,% of active population,,live,61,False
NEW_HIRE_6M,IT,2024-03-31,2024Q1,12,12.0,1.0,unemployment_rate,2024-01,2024-01-31,2024-03-16,7.1,% of active population,,live,60,False
NEW_HIRE_6M,IT,2024-06-30,2024Q2,20,21.0,0.9523809523809523,unemployment_rate,2024-04,2024-04-30,2024-06-14,6.8,% of active population,,live,61,False
NEW_HIRE_6M,IT,2024-09-30,2024Q3,13,14.0,0.9285714285714286,unemployment_rate,2024-07,2024-07-31,2024-09-14,6.4,% of active population,,live,61,False
NEW_HIRE_6M,IT,2024-12-31,2024Q4,9,10.0,0.9,unemployment_rate,2024-10,2024-10-31,2024-12-15,6.1,% of active population,,live,61,False
NEW_HIRE_6M,IT,2025-03-31,2025Q1,12,13.0,0.9230769230769231,unemployment_rate,2025-01,2025-01-31,2025-03-17,6.5,% of active population,,live,59,False
NEW_HIRE_6M,IT,2025-06-30,2025Q2,16,17.0,0.9411764705882353,unemployment_rate,2025-04,2025-04-30,2025-06-14,6.2,% of active population,,live,61,False
NEW_HIRE_6M,PL,2021-03-31,2021Q1,10,12.0,0.8333333333333334,unemployment_rate,2021-01,2021-01-31,2021-03-17,3.6,% of active population,,live,59,False
NEW_HIRE_6M,PL,2021-06-30,2021Q2,15,17.0,0.8823529411764706,unemployment_rate,2021-04,2021-04-30,2021-06-14,3.8,% of active population,,live,61,False
NEW_HIRE_6M,PL,2021-09-30,2021Q3,18,19.0,0.9473684210526315,unemployment_rate,2021-07,2021-07-31,2021-09-14,3.3,% of active population,,live,61,False
NEW_HIRE_6M,PL,2021-12-31,2021Q4,24,26.0,0.9230769230769231,unemployment_rate,2021-10,2021-10-31,2021-12-15,3.0,% of active population,,live,61,False
NEW_HIRE_6M,PL,2022-03-31,2022Q1,7,9.0,0.7777777777777778,unemployment_rate,2022-01,2022-01-31,2022-03-17,2.9,% of active population,,live,59,False
NEW_HIRE_6M,PL,2022-06-30,2022Q2,22,26.0,0.8461538461538461,unemployment_rate,2022-04,2022-04-30,2022-06-14,2.8,% of active population,,live,61,False
NEW_HIRE_6M,PL,2022-09-30,2022Q3,11,14.0,0.7857142857142857,unemployment_rate,2022-07,2022-07-31,2022-09-14,2.9,% of active population,,live,61,False
NEW_HIRE_6M,PL,2022-12-31,2022Q4,23,24.0,0.9583333333333334,unemployment_rate,2022-10,2022-10-31,2022-12-15,3.0,% of active population,,live,61,False
NEW_HIRE_6M,PL,2023-03-31,2023Q1,7,9.0,0.7777777777777778,unemployment_rate,2023-01,2023-01-31,2023-03-17,2.7,% of active population,,live,59,False
NEW_HIRE_6M,PL,2023-06-30,2023Q2,17,19.0,0.8947368421052632,unemployment_rate,2023-04,2023-04-30,2023-06-14,2.7,% of active population,,live,61,False
NEW_HIRE_6M,PL,2023-09-30,2023Q3,12,14.0,0.8571428571428571,unemployment_rate,2023-07,2023-07-31,2023-09-14,2.7,% of active population,,live,61,False
NEW_HIRE_6M,PL,2023-12-31,2023Q4,13,13.0,1.0,unemployment_rate,2023-10,2023-10-31,2023-12-15,3.0,% of active population,,live,61,False
NEW_HIRE_6M,PL,2024-03-31,2024Q1,11,12.0,0.9166666666666666,unemployment_rate,2024-01,2024-01-31,2024-03-16,3.0,% of active population,,live,60,False
NEW_HIRE_6M,PL,2024-06-30,2024Q2,13,15.0,0.8666666666666667,unemployment_rate,2024-04,2024-04-30,2024-06-14,2.8,% of active population,,live,61,False
NEW_HIRE_6M,PL,2024-09-30,2024Q3,15,17.0,0.8823529411764706,unemployment_rate,2024-07,2024-07-31,2024-09-14,3.0,% of active population,,live,61,False
NEW_HIRE_6M,PL,2024-12-31,2024Q4,13,14.0,0.9285714285714286,unemployment_rate,2024-10,2024-10-31,2024-12-15,2.8,% of active population,,live,61,False
NEW_HIRE_6M,PL,2025-03-31,2025Q1,10,12.0,0.8333333333333334,unemployment_rate,2025-01,2025-01-31,2025-03-17,3.1,% of active population,,live,59,False
NEW_HIRE_6M,PL,2025-06-30,2025Q2,13,14.0,0.9285714285714286,unemployment_rate,2025-04,2025-04-30,2025-06-14,3.0,% of active population,,live,61,False
NEW_HIRE_6M,RO,2021-03-31,2021Q1,11,12.0,0.9166666666666666,unemployment_rate,2021-01,2021-01-31,2021-03-17,6.0,% of active population,,live,59,False
NEW_HIRE_6M,RO,2021-06-30,2021Q2,12,16.0,0.75,unemployment_rate,2021-04,2021-04-30,2021-06-14,5.5,% of active population,,live,61,False
NEW_HIRE_6M,RO,2021-09-30,2021Q3,15,15.0,1.0,unemployment_rate,2021-07,2021-07-31,2021-09-14,5.3,% of active population,,live,61,False
NEW_HIRE_6M,RO,2021-12-31,2021Q4,9,10.0,0.9,unemployment_rate,2021-10,2021-10-31,2021-12-15,5.7,% of active population,,live,61,False
NEW_HIRE_6M,RO,2022-03-31,2022Q1,11,13.0,0.8461538461538461,unemployment_rate,2022-01,2022-01-31,2022-03-17,6.1,% of active population,,live,59,False
NEW_HIRE_6M,RO,2022-06-30,2022Q2,18,21.0,0.8571428571428571,unemployment_rate,2022-04,2022-04-30,2022-06-14,5.6,% of active population,,live,61,False
NEW_HIRE_6M,RO,2022-09-30,2022Q3,8,10.0,0.8,unemployment_rate,2022-07,2022-07-31,2022-09-14,5.5,% of active population,,live,61,False
NEW_HIRE_6M,RO,2022-12-31,2022Q4,14,17.0,0.8235294117647058,unemployment_rate,2022-10,2022-10-31,2022-12-15,5.5,% of active population,,live,61,False
NEW_HIRE_6M,RO,2023-03-31,2023Q1,11,17.0,0.6470588235294118,unemployment_rate,2023-01,2023-01-31,2023-03-17,5.8,% of active population,,live,59,False
NEW_HIRE_6M,RO,2023-06-30,2023Q2,15,17.0,0.8823529411764706,unemployment_rate,2023-04,2023-04-30,2023-06-14,5.5,% of active population,,live,61,False
NEW_HIRE_6M,RO,2023-09-30,2023Q3,15,18.0,0.8333333333333334,unemployment_rate,2023-07,2023-07-31,2023-09-14,5.5,% of active population,,live,61,False
NEW_HIRE_6M,RO,2023-12-31,2023Q4,12,15.0,0.8,unemployment_rate,2023-10,2023-10-31,2023-12-15,5.5,% of active population,,live,61,False
NEW_HIRE_6M,RO,2024-03-31,2024Q1,28,29.0,0.9655172413793104,unemployment_rate,2024-01,2024-01-31,2024-03-16,5.4,% of active population,,live,60,False
NEW_HIRE_6M,RO,2024-06-30,2024Q2,15,17.0,0.8823529411764706,unemployment_rate,2024-04,2024-04-30,2024-06-14,5.2,% of active population,,live,61,False
NEW_HIRE_6M,RO,2024-09-30,2024Q3,23,28.0,0.8214285714285714,unemployment_rate,2024-07,2024-07-31,2024-09-14,5.7,% of active population,,live,61,False
NEW_HIRE_6M,RO,2024-12-31,2024Q4,15,19.0,0.7894736842105263,unemployment_rate,2024-10,2024-10-31,2024-12-15,5.7,% of active population,,live,61,False
NEW_HIRE_6M,RO,2025-03-31,2025Q1,14,15.0,0.9333333333333333,unemployment_rate,2025-01,2025-01-31,2025-03-17,6.0,% of active population,,live,59,False
NEW_HIRE_6M,RO,2025-06-30,2025Q2,11,13.0,0.8461538461538461,unemployment_rate,2025-04,2025-04-30,2025-06-14,6.1,% of active population,,live,61,False
NEW_HIRE_6M,BG,2021-03-31,2021Q1,12,12.0,1.0,job_vacancy_rate,2020-Q4,2020-12-31,2021-03-31,0.7,% of posts,,live,90,False
NEW_HIRE_6M,BG,2021-06-30,2021Q2,16,17.0,0.9411764705882353,job_vacancy_rate,2021-Q1,2021-03-31,2021-06-29,0.8,% of posts,,live,91,False
NEW_HIRE_6M,BG,2021-09-30,2021Q3,18,20.0,0.9,job_vacancy_rate,2021-Q2,2021-06-30,2021-09-28,0.8,% of posts,,live,92,False
NEW_HIRE_6M,BG,2021-12-31,2021Q4,17,20.0,0.85,job_vacancy_rate,2021-Q3,2021-09-30,2021-12-29,0.8,% of posts,,live,92,False
NEW_HIRE_6M,BG,2022-03-31,2022Q1,13,15.0,0.8666666666666667,job_vacancy_rate,2021-Q4,2021-12-31,2022-03-31,0.7,% of posts,,live,90,False
NEW_HIRE_6M,BG,2022-06-30,2022Q2,13,15.0,0.8666666666666667,job_vacancy_rate,2022-Q1,2022-03-31,2022-06-29,0.9,% of posts,,live,91,False
NEW_HIRE_6M,BG,2022-09-30,2022Q3,15,19.0,0.7894736842105263,job_vacancy_rate,2022-Q2,2022-06-30,2022-09-28,0.9,% of posts,,live,92,False
NEW_HIRE_6M,BG,2022-12-31,2022Q4,12,13.0,0.9230769230769231,job_vacancy_rate,2022-Q3,2022-09-30,2022-12-29,0.8,% of posts,,live,92,False
NEW_HIRE_6M,BG,2023-03-31,2023Q1,16,16.0,1.0,job_vacancy_rate,2022-Q4,2022-12-31,2023-03-31,0.8,% of posts,,live,90,False
NEW_HIRE_6M,BG,2023-06-30,2023Q2,19,22.0,0.8636363636363636,job_vacancy_rate,2023-Q1,2023-03-31,2023-06-29,0.9,% of posts,p,live,91,False
NEW_HIRE_6M,BG,2023-09-30,2023Q3,8,9.0,0.8888888888888888,job_vacancy_rate,2023-Q2,2023-06-30,2023-09-28,0.8,% of posts,p,live,92,False
NEW_HIRE_6M,BG,2023-12-31,2023Q4,16,18.0,0.8888888888888888,job_vacancy_rate,2023-Q3,2023-09-30,2023-12-29,0.8,% of posts,p,live,92,False
NEW_HIRE_6M,BG,2024-03-31,2024Q1,20,24.0,0.8333333333333334,job_vacancy_rate,2023-Q4,2023-12-31,2024-03-30,0.7,% of posts,p,live,91,False
NEW_HIRE_6M,BG,2024-06-30,2024Q2,16,22.0,0.7272727272727273,job_vacancy_rate,2024-Q1,2024-03-31,2024-06-29,0.8,% of posts,p,live,91,False
NEW_HIRE_6M,BG,2024-09-30,2024Q3,21,27.0,0.7777777777777778,job_vacancy_rate,2024-Q2,2024-06-30,2024-09-28,0.8,% of posts,p,live,92,False
NEW_HIRE_6M,BG,2024-12-31,2024Q4,16,19.0,0.8421052631578947,job_vacancy_rate,2024-Q3,2024-09-30,2024-12-29,0.8,% of posts,p,live,92,False
NEW_HIRE_6M,BG,2025-03-31,2025Q1,11,12.0,0.9166666666666666,job_vacancy_rate,2024-Q4,2024-12-31,2025-03-31,0.7,% of posts,p,live,90,False
NEW_HIRE_6M,BG,2025-06-30,2025Q2,20,21.0,0.9523809523809523,job_vacancy_rate,2025-Q1,2025-03-31,2025-06-29,0.9,% of posts,p,live,91,False
NEW_HIRE_6M,GR,2021-03-31,2021Q1,15,15.0,1.0,job_vacancy_rate,2020-Q4,2020-12-31,2021-03-31,0.3,% of posts,,live,90,False
NEW_HIRE_6M,GR,2021-06-30,2021Q2,19,23.0,0.8260869565217391,job_vacancy_rate,2021-Q1,2021-03-31,2021-06-29,0.3,% of posts,,live,91,False
NEW_HIRE_6M,GR,2021-09-30,2021Q3,15,18.0,0.8333333333333334,job_vacancy_rate,2021-Q2,2021-06-30,2021-09-28,0.6,% of posts,,live,92,False
NEW_HIRE_6M,GR,2021-12-31,2021Q4,21,25.0,0.84,job_vacancy_rate,2021-Q3,2021-09-30,2021-12-29,0.7,% of posts,,live,92,False
NEW_HIRE_6M,GR,2022-03-31,2022Q1,8,11.0,0.7272727272727273,job_vacancy_rate,2021-Q4,2021-12-31,2022-03-31,0.7,% of posts,,live,90,False
NEW_HIRE_6M,GR,2022-06-30,2022Q2,21,22.0,0.9545454545454546,job_vacancy_rate,2022-Q1,2022-03-31,2022-06-29,0.8,% of posts,,live,91,False
NEW_HIRE_6M,GR,2022-09-30,2022Q3,16,16.0,1.0,job_vacancy_rate,2022-Q2,2022-06-30,2022-09-28,1.2,% of posts,,live,92,False
NEW_HIRE_6M,GR,2022-12-31,2022Q4,13,15.0,0.8666666666666667,job_vacancy_rate,2022-Q3,2022-09-30,2022-12-29,1.1,% of posts,,live,92,False
NEW_HIRE_6M,GR,2023-03-31,2023Q1,13,13.0,1.0,job_vacancy_rate,2022-Q4,2022-12-31,2023-03-31,0.9,% of posts,,live,90,False
NEW_HIRE_6M,GR,2023-06-30,2023Q2,13,17.0,0.7647058823529411,job_vacancy_rate,2023-Q1,2023-03-31,2023-06-29,1.5,% of posts,,live,91,False
NEW_HIRE_6M,GR,2023-09-30,2023Q3,25,26.0,0.9615384615384616,job_vacancy_rate,2023-Q2,2023-06-30,2023-09-28,1.6,% of posts,,live,92,False
NEW_HIRE_6M,GR,2023-12-31,2023Q4,7,8.0,0.875,job_vacancy_rate,2023-Q3,2023-09-30,2023-12-29,1.6,% of posts,,live,92,False
NEW_HIRE_6M,GR,2024-03-31,2024Q1,11,13.0,0.8461538461538461,job_vacancy_rate,2023-Q4,2023-12-31,2024-03-30,1.8,% of posts,,live,91,False
NEW_HIRE_6M,GR,2024-06-30,2024Q2,12,14.0,0.8571428571428571,job_vacancy_rate,2024-Q1,2024-03-31,2024-06-29,3.1,% of posts,,live,91,False
NEW_HIRE_6M,GR,2024-09-30,2024Q3,16,17.0,0.9411764705882353,job_vacancy_rate,2024-Q2,2024-06-30,2024-09-28,2.5,% of posts,,live,92,False
NEW_HIRE_6M,GR,2024-12-31,2024Q4,22,24.0,0.9166666666666666,job_vacancy_rate,2024-Q3,2024-09-30,2024-12-29,2.1,% of posts,,live,92,False
NEW_HIRE_6M,GR,2025-03-31,2025Q1,6,9.0,0.6666666666666666,job_vacancy_rate,2024-Q4,2024-12-31,2025-03-31,1.2,% of posts,,live,90,False
NEW_HIRE_6M,GR,2025-06-30,2025Q2,12,14.0,0.8571428571428571,job_vacancy_rate,2025-Q1,2025-03-31,2025-06-29,2.2,% of posts,,live,91,False
NEW_HIRE_6M,IE,2021-03-31,2021Q1,9,13.0,0.6923076923076923,job_vacancy_rate,2020-Q4,2020-12-31,2021-03-31,0.9,% of posts,,live,90,False
NEW_HIRE_6M,IE,2021-06-30,2021Q2,7,7.0,1.0,job_vacancy_rate,2021-Q1,2021-03-31,2021-06-29,1.0,% of posts,,live,91,False
NEW_HIRE_6M,IE,2021-09-30,2021Q3,13,16.0,0.8125,job_vacancy_rate,2021-Q2,2021-06-30,2021-09-28,1.2,% of posts,,live,92,False
NEW_HIRE_6M,IE,2021-12-31,2021Q4,15,17.0,0.8823529411764706,job_vacancy_rate,2021-Q3,2021-09-30,2021-12-29,1.5,% of posts,,live,92,False
NEW_HIRE_6M,IE,2022-03-31,2022Q1,12,15.0,0.8,job_vacancy_rate,2021-Q4,2021-12-31,2022-03-31,1.4,% of posts,,live,90,False
NEW_HIRE_6M,IE,2022-06-30,2022Q2,17,19.0,0.8947368421052632,job_vacancy_rate,2022-Q1,2022-03-31,2022-06-29,1.6,% of posts,,live,91,False
NEW_HIRE_6M,IE,2022-09-30,2022Q3,19,22.0,0.8636363636363636,job_vacancy_rate,2022-Q2,2022-06-30,2022-09-28,1.6,% of posts,,live,92,False
NEW_HIRE_6M,IE,2022-12-31,2022Q4,11,11.0,1.0,job_vacancy_rate,2022-Q3,2022-09-30,2022-12-29,1.6,% of posts,,live,92,False
NEW_HIRE_6M,IE,2023-03-31,2023Q1,18,20.0,0.9,job_vacancy_rate,2022-Q4,2022-12-31,2023-03-31,1.3,% of posts,,live,90,False
NEW_HIRE_6M,IE,2023-06-30,2023Q2,12,14.0,0.8571428571428571,job_vacancy_rate,2023-Q1,2023-03-31,2023-06-29,1.5,% of posts,,live,91,False
NEW_HIRE_6M,IE,2023-09-30,2023Q3,7,9.0,0.7777777777777778,job_vacancy_rate,2023-Q2,2023-06-30,2023-09-28,1.3,% of posts,,live,92,False
NEW_HIRE_6M,IE,2023-12-31,2023Q4,13,15.0,0.8666666666666667,job_vacancy_rate,2023-Q3,2023-09-30,2023-12-29,1.2,% of posts,,live,92,False
NEW_HIRE_6M,IE,2024-03-31,2024Q1,12,15.0,0.8,job_vacancy_rate,2023-Q4,2023-12-31,2024-03-30,1.2,% of posts,,live,91,False
NEW_HIRE_6M,IE,2024-06-30,2024Q2,15,17.0,0.8823529411764706,job_vacancy_rate,2024-Q1,2024-03-31,2024-06-29,1.2,% of posts,,live,91,False
NEW_HIRE_6M,IE,2024-09-30,2024Q3,16,17.0,0.9411764705882353,job_vacancy_rate,2024-Q2,2024-06-30,2024-09-28,1.3,% of posts,,live,92,False
NEW_HIRE_6M,IE,2024-12-31,2024Q4,14,16.0,0.875,job_vacancy_rate,2024-Q3,2024-09-30,2024-12-29,1.2,% of posts,,live,92,False
NEW_HIRE_6M,IE,2025-03-31,2025Q1,11,12.0,0.9166666666666666,job_vacancy_rate,2024-Q4,2024-12-31,2025-03-31,1.2,% of posts,,live,90,False
NEW_HIRE_6M,IE,2025-06-30,2025Q2,19,20.0,0.95,job_vacancy_rate,2025-Q1,2025-03-31,2025-06-29,1.3,% of posts,,live,91,False
NEW_HIRE_6M,IT,2021-03-31,2021Q1,20,23.0,0.8695652173913043,job_vacancy_rate,2020-Q4,2020-12-31,2021-03-31,0.8,% of posts,,live,90,False
NEW_HIRE_6M,IT,2021-06-30,2021Q2,14,15.0,0.9333333333333333,job_vacancy_rate,2021-Q1,2021-03-31,2021-06-29,1.6,% of posts,,live,91,False
NEW_HIRE_6M,IT,2021-09-30,2021Q3,19,27.0,0.7037037037037037,job_vacancy_rate,2021-Q2,2021-06-30,2021-09-28,2.0,% of posts,,live,92,False
NEW_HIRE_6M,IT,2021-12-31,2021Q4,18,21.0,0.8571428571428571,job_vacancy_rate,2021-Q3,2021-09-30,2021-12-29,1.9,% of posts,,live,92,False
NEW_HIRE_6M,IT,2022-03-31,2022Q1,21,23.0,0.9130434782608695,job_vacancy_rate,2021-Q4,2021-12-31,2022-03-31,1.6,% of posts,,live,90,False
NEW_HIRE_6M,IT,2022-06-30,2022Q2,6,8.0,0.75,job_vacancy_rate,2022-Q1,2022-03-31,2022-06-29,2.5,% of posts,,live,91,False
NEW_HIRE_6M,IT,2022-09-30,2022Q3,20,20.0,1.0,job_vacancy_rate,2022-Q2,2022-06-30,2022-09-28,2.3,% of posts,,live,92,False
NEW_HIRE_6M,IT,2022-12-31,2022Q4,13,18.0,0.7222222222222222,job_vacancy_rate,2022-Q3,2022-09-30,2022-12-29,2.1,% of posts,,live,92,False
NEW_HIRE_6M,IT,2023-03-31,2023Q1,20,23.0,0.8695652173913043,job_vacancy_rate,2022-Q4,2022-12-31,2023-03-31,1.9,% of posts,,live,90,False
NEW_HIRE_6M,IT,2023-06-30,2023Q2,17,21.0,0.8095238095238095,job_vacancy_rate,2023-Q1,2023-03-31,2023-06-29,2.7,% of posts,,live,91,False
NEW_HIRE_6M,IT,2023-09-30,2023Q3,15,18.0,0.8333333333333334,job_vacancy_rate,2023-Q2,2023-06-30,2023-09-28,2.4,% of posts,,live,92,False
NEW_HIRE_6M,IT,2023-12-31,2023Q4,15,20.0,0.75,job_vacancy_rate,2023-Q3,2023-09-30,2023-12-29,2.1,% of posts,,live,92,False
NEW_HIRE_6M,IT,2024-03-31,2024Q1,12,12.0,1.0,job_vacancy_rate,2023-Q4,2023-12-31,2024-03-30,1.9,% of posts,,live,91,False
NEW_HIRE_6M,IT,2024-06-30,2024Q2,20,21.0,0.9523809523809523,job_vacancy_rate,2024-Q1,2024-03-31,2024-06-29,2.5,% of posts,,live,91,False
NEW_HIRE_6M,IT,2024-09-30,2024Q3,13,14.0,0.9285714285714286,job_vacancy_rate,2024-Q2,2024-06-30,2024-09-28,2.2,% of posts,,live,92,False
NEW_HIRE_6M,IT,2024-12-31,2024Q4,9,10.0,0.9,job_vacancy_rate,2024-Q3,2024-09-30,2024-12-29,1.9,% of posts,,live,92,False
NEW_HIRE_6M,IT,2025-03-31,2025Q1,12,13.0,0.9230769230769231,job_vacancy_rate,2024-Q4,2024-12-31,2025-03-31,1.7,% of posts,,live,90,False
NEW_HIRE_6M,IT,2025-06-30,2025Q2,16,17.0,0.9411764705882353,job_vacancy_rate,2025-Q1,2025-03-31,2025-06-29,2.2,% of posts,,live,91,False
NEW_HIRE_6M,PL,2021-03-31,2021Q1,10,12.0,0.8333333333333334,job_vacancy_rate,2020-Q4,2020-12-31,2021-03-31,0.7,% of posts,,live,90,False
NEW_HIRE_6M,PL,2021-06-30,2021Q2,15,17.0,0.8823529411764706,job_vacancy_rate,2021-Q1,2021-03-31,2021-06-29,0.9,% of posts,,live,91,False
NEW_HIRE_6M,PL,2021-09-30,2021Q3,18,19.0,0.9473684210526315,job_vacancy_rate,2021-Q2,2021-06-30,2021-09-28,1.2,% of posts,,live,92,False
NEW_HIRE_6M,PL,2021-12-31,2021Q4,24,26.0,0.9230769230769231,job_vacancy_rate,2021-Q3,2021-09-30,2021-12-29,1.2,% of posts,,live,92,False
NEW_HIRE_6M,PL,2022-03-31,2022Q1,7,9.0,0.7777777777777778,job_vacancy_rate,2021-Q4,2021-12-31,2022-03-31,1.1,% of posts,,live,90,False
NEW_HIRE_6M,PL,2022-06-30,2022Q2,22,26.0,0.8461538461538461,job_vacancy_rate,2022-Q1,2022-03-31,2022-06-29,1.3,% of posts,,live,91,False
NEW_HIRE_6M,PL,2022-09-30,2022Q3,11,14.0,0.7857142857142857,job_vacancy_rate,2022-Q2,2022-06-30,2022-09-28,1.2,% of posts,,live,92,False
NEW_HIRE_6M,PL,2022-12-31,2022Q4,23,24.0,0.9583333333333334,job_vacancy_rate,2022-Q3,2022-09-30,2022-12-29,1.1,% of posts,,live,92,False
NEW_HIRE_6M,PL,2023-03-31,2023Q1,7,9.0,0.7777777777777778,job_vacancy_rate,2022-Q4,2022-12-31,2023-03-31,0.9,% of posts,,live,90,False
NEW_HIRE_6M,PL,2023-06-30,2023Q2,17,19.0,0.8947368421052632,job_vacancy_rate,2023-Q1,2023-03-31,2023-06-29,0.9,% of posts,,live,91,False
NEW_HIRE_6M,PL,2023-09-30,2023Q3,12,14.0,0.8571428571428571,job_vacancy_rate,2023-Q2,2023-06-30,2023-09-28,0.9,% of posts,,live,92,False
NEW_HIRE_6M,PL,2023-12-31,2023Q4,13,13.0,1.0,job_vacancy_rate,2023-Q3,2023-09-30,2023-12-29,0.9,% of posts,,live,92,False
NEW_HIRE_6M,PL,2024-03-31,2024Q1,11,12.0,0.9166666666666666,job_vacancy_rate,2023-Q4,2023-12-31,2024-03-30,0.8,% of posts,,live,91,False
NEW_HIRE_6M,PL,2024-06-30,2024Q2,13,15.0,0.8666666666666667,job_vacancy_rate,2024-Q1,2024-03-31,2024-06-29,0.9,% of posts,,live,91,False
NEW_HIRE_6M,PL,2024-09-30,2024Q3,15,17.0,0.8823529411764706,job_vacancy_rate,2024-Q2,2024-06-30,2024-09-28,0.9,% of posts,,live,92,False
NEW_HIRE_6M,PL,2024-12-31,2024Q4,13,14.0,0.9285714285714286,job_vacancy_rate,2024-Q3,2024-09-30,2024-12-29,0.9,% of posts,,live,92,False
NEW_HIRE_6M,PL,2025-03-31,2025Q1,10,12.0,0.8333333333333334,job_vacancy_rate,2024-Q4,2024-12-31,2025-03-31,0.7,% of posts,,live,90,False
NEW_HIRE_6M,PL,2025-06-30,2025Q2,13,14.0,0.9285714285714286,job_vacancy_rate,2025-Q1,2025-03-31,2025-06-29,0.8,% of posts,,live,91,False
NEW_HIRE_6M,RO,2021-03-31,2021Q1,11,12.0,0.9166666666666666,job_vacancy_rate,2020-Q4,2020-12-31,2021-03-31,0.7,% of posts,,live,90,False
NEW_HIRE_6M,RO,2021-06-30,2021Q2,12,16.0,0.75,job_vacancy_rate,2021-Q1,2021-03-31,2021-06-29,0.8,% of posts,,live,91,False
NEW_HIRE_6M,RO,2021-09-30,2021Q3,15,15.0,1.0,job_vacancy_rate,2021-Q2,2021-06-30,2021-09-28,0.8,% of posts,,live,92,False
NEW_HIRE_6M,RO,2021-12-31,2021Q4,9,10.0,0.9,job_vacancy_rate,2021-Q3,2021-09-30,2021-12-29,1.0,% of posts,,live,92,False
NEW_HIRE_6M,RO,2022-03-31,2022Q1,11,13.0,0.8461538461538461,job_vacancy_rate,2021-Q4,2021-12-31,2022-03-31,0.9,% of posts,,live,90,False
NEW_HIRE_6M,RO,2022-06-30,2022Q2,18,21.0,0.8571428571428571,job_vacancy_rate,2022-Q1,2022-03-31,2022-06-29,1.0,% of posts,,live,91,False
NEW_HIRE_6M,RO,2022-09-30,2022Q3,8,10.0,0.8,job_vacancy_rate,2022-Q2,2022-06-30,2022-09-28,0.9,% of posts,,live,92,False
NEW_HIRE_6M,RO,2022-12-31,2022Q4,14,17.0,0.8235294117647058,job_vacancy_rate,2022-Q3,2022-09-30,2022-12-29,0.9,% of posts,,live,92,False
NEW_HIRE_6M,RO,2023-03-31,2023Q1,11,17.0,0.6470588235294118,job_vacancy_rate,2022-Q4,2022-12-31,2023-03-31,0.8,% of posts,,live,90,False
NEW_HIRE_6M,RO,2023-06-30,2023Q2,15,17.0,0.8823529411764706,job_vacancy_rate,2023-Q1,2023-03-31,2023-06-29,0.9,% of posts,,live,91,False
NEW_HIRE_6M,RO,2023-09-30,2023Q3,15,18.0,0.8333333333333334,job_vacancy_rate,2023-Q2,2023-06-30,2023-09-28,0.8,% of posts,,live,92,False
NEW_HIRE_6M,RO,2023-12-31,2023Q4,12,15.0,0.8,job_vacancy_rate,2023-Q3,2023-09-30,2023-12-29,0.8,% of posts,,live,92,False
NEW_HIRE_6M,RO,2024-03-31,2024Q1,28,29.0,0.9655172413793104,job_vacancy_rate,2023-Q4,2023-12-31,2024-03-30,0.7,% of posts,,live,91,False
NEW_HIRE_6M,RO,2024-06-30,2024Q2,15,17.0,0.8823529411764706,job_vacancy_rate,2024-Q1,2024-03-31,2024-06-29,0.7,% of posts,,live,91,False
NEW_HIRE_6M,RO,2024-09-30,2024Q3,23,28.0,0.8214285714285714,job_vacancy_rate,2024-Q2,2024-06-30,2024-09-28,0.7,% of posts,,live,92,False
NEW_HIRE_6M,RO,2024-12-31,2024Q4,15,19.0,0.7894736842105263,job_vacancy_rate,2024-Q3,2024-09-30,2024-12-29,0.8,% of posts,,live,92,False
NEW_HIRE_6M,RO,2025-03-31,2025Q1,14,15.0,0.9333333333333333,job_vacancy_rate,2024-Q4,2024-12-31,2025-03-31,0.7,% of posts,,live,90,False
NEW_HIRE_6M,RO,2025-06-30,2025Q2,11,13.0,0.8461538461538461,job_vacancy_rate,2025-Q1,2025-03-31,2025-06-29,0.6,% of posts,,live,91,False
NEW_HIRE_6M,BG,2021-03-31,2021Q1,12,12.0,1.0,hicp_inflation,2021-02,2021-02-28,2021-03-30,0.2,% year on year,,live,31,False
NEW_HIRE_6M,BG,2021-06-30,2021Q2,16,17.0,0.9411764705882353,hicp_inflation,2021-05,2021-05-31,2021-06-30,2.3,% year on year,,live,30,False
NEW_HIRE_6M,BG,2021-09-30,2021Q3,18,20.0,0.9,hicp_inflation,2021-08,2021-08-31,2021-09-30,2.5,% year on year,,live,30,False
NEW_HIRE_6M,BG,2021-12-31,2021Q4,17,20.0,0.85,hicp_inflation,2021-11,2021-11-30,2021-12-30,6.3,% year on year,,live,31,False
NEW_HIRE_6M,BG,2022-03-31,2022Q1,13,15.0,0.8666666666666667,hicp_inflation,2022-02,2022-02-28,2022-03-30,8.4,% year on year,,live,31,False
NEW_HIRE_6M,BG,2022-06-30,2022Q2,13,15.0,0.8666666666666667,hicp_inflation,2022-05,2022-05-31,2022-06-30,13.4,% year on year,,live,30,False
NEW_HIRE_6M,BG,2022-09-30,2022Q3,15,19.0,0.7894736842105263,hicp_inflation,2022-08,2022-08-31,2022-09-30,15.0,% year on year,,live,30,False
NEW_HIRE_6M,BG,2022-12-31,2022Q4,12,13.0,0.9230769230769231,hicp_inflation,2022-11,2022-11-30,2022-12-30,14.3,% year on year,,live,31,False
NEW_HIRE_6M,BG,2023-03-31,2023Q1,16,16.0,1.0,hicp_inflation,2023-02,2023-02-28,2023-03-30,13.7,% year on year,,live,31,False
NEW_HIRE_6M,BG,2023-06-30,2023Q2,19,22.0,0.8636363636363636,hicp_inflation,2023-05,2023-05-31,2023-06-30,8.6,% year on year,,live,30,False
NEW_HIRE_6M,BG,2023-09-30,2023Q3,8,9.0,0.8888888888888888,hicp_inflation,2023-08,2023-08-31,2023-09-30,7.5,% year on year,,live,30,False
NEW_HIRE_6M,BG,2023-12-31,2023Q4,16,18.0,0.8888888888888888,hicp_inflation,2023-11,2023-11-30,2023-12-30,5.5,% year on year,,live,31,False
NEW_HIRE_6M,BG,2024-03-31,2024Q1,20,24.0,0.8333333333333334,hicp_inflation,2024-02,2024-02-29,2024-03-30,3.5,% year on year,,live,31,False
NEW_HIRE_6M,BG,2024-06-30,2024Q2,16,22.0,0.7272727272727273,hicp_inflation,2024-05,2024-05-31,2024-06-30,2.7,% year on year,,live,30,False
NEW_HIRE_6M,BG,2024-09-30,2024Q3,21,27.0,0.7777777777777778,hicp_inflation,2024-08,2024-08-31,2024-09-30,2.4,% year on year,,live,30,False
NEW_HIRE_6M,BG,2024-12-31,2024Q4,16,19.0,0.8421052631578947,hicp_inflation,2024-11,2024-11-30,2024-12-30,2.0,% year on year,,live,31,False
NEW_HIRE_6M,BG,2025-03-31,2025Q1,11,12.0,0.9166666666666666,hicp_inflation,2025-02,2025-02-28,2025-03-30,3.9,% year on year,,live,31,False
NEW_HIRE_6M,BG,2025-06-30,2025Q2,20,21.0,0.9523809523809523,hicp_inflation,2025-05,2025-05-31,2025-06-30,2.9,% year on year,,live,30,False
NEW_HIRE_6M,GR,2021-03-31,2021Q1,15,15.0,1.0,hicp_inflation,2021-02,2021-02-28,2021-03-30,-1.9,% year on year,,live,31,False
NEW_HIRE_6M,GR,2021-06-30,2021Q2,19,23.0,0.8260869565217391,hicp_inflation,2021-05,2021-05-31,2021-06-30,-1.2,% year on year,,live,30,False
NEW_HIRE_6M,GR,2021-09-30,2021Q3,15,18.0,0.8333333333333334,hicp_inflation,2021-08,2021-08-31,2021-09-30,1.2,% year on year,,live,30,False
NEW_HIRE_6M,GR,2021-12-31,2021Q4,21,25.0,0.84,hicp_inflation,2021-11,2021-11-30,2021-12-30,4.0,% year on year,,live,31,False
NEW_HIRE_6M,GR,2022-03-31,2022Q1,8,11.0,0.7272727272727273,hicp_inflation,2022-02,2022-02-28,2022-03-30,6.3,% year on year,,live,31,False
NEW_HIRE_6M,GR,2022-06-30,2022Q2,21,22.0,0.9545454545454546,hicp_inflation,2022-05,2022-05-31,2022-06-30,10.5,% year on year,,live,30,False
NEW_HIRE_6M,GR,2022-09-30,2022Q3,16,16.0,1.0,hicp_inflation,2022-08,2022-08-31,2022-09-30,11.2,% year on year,,live,30,False
NEW_HIRE_6M,GR,2022-12-31,2022Q4,13,15.0,0.8666666666666667,hicp_inflation,2022-11,2022-11-30,2022-12-30,8.8,% year on year,,live,31,False
NEW_HIRE_6M,GR,2023-03-31,2023Q1,13,13.0,1.0,hicp_inflation,2023-02,2023-02-28,2023-03-30,6.5,% year on year,,live,31,False
NEW_HIRE_6M,GR,2023-06-30,2023Q2,13,17.0,0.7647058823529411,hicp_inflation,2023-05,2023-05-31,2023-06-30,4.1,% year on year,,live,30,False
NEW_HIRE_6M,GR,2023-09-30,2023Q3,25,26.0,0.9615384615384616,hicp_inflation,2023-08,2023-08-31,2023-09-30,3.5,% year on year,,live,30,False
NEW_HIRE_6M,GR,2023-12-31,2023Q4,7,8.0,0.875,hicp_inflation,2023-11,2023-11-30,2023-12-30,2.9,% year on year,,live,31,False
NEW_HIRE_6M,GR,2024-03-31,2024Q1,11,13.0,0.8461538461538461,hicp_inflation,2024-02,2024-02-29,2024-03-30,3.1,% year on year,,live,31,False
NEW_HIRE_6M,GR,2024-06-30,2024Q2,12,14.0,0.8571428571428571,hicp_inflation,2024-05,2024-05-31,2024-06-30,2.4,% year on year,,live,30,False
NEW_HIRE_6M,GR,2024-09-30,2024Q3,16,17.0,0.9411764705882353,hicp_inflation,2024-08,2024-08-31,2024-09-30,3.2,% year on year,,live,30,False
NEW_HIRE_6M,GR,2024-12-31,2024Q4,22,24.0,0.9166666666666666,hicp_inflation,2024-11,2024-11-30,2024-12-30,3.0,% year on year,,live,31,False
NEW_HIRE_6M,GR,2025-03-31,2025Q1,6,9.0,0.6666666666666666,hicp_inflation,2025-02,2025-02-28,2025-03-30,3.0,% year on year,,live,31,False
NEW_HIRE_6M,GR,2025-06-30,2025Q2,12,14.0,0.8571428571428571,hicp_inflation,2025-05,2025-05-31,2025-06-30,3.3,% year on year,,live,30,False
NEW_HIRE_6M,IE,2021-03-31,2021Q1,9,13.0,0.6923076923076923,hicp_inflation,2021-02,2021-02-28,2021-03-30,-0.4,% year on year,,live,31,False
NEW_HIRE_6M,IE,2021-06-30,2021Q2,7,7.0,1.0,hicp_inflation,2021-05,2021-05-31,2021-06-30,1.9,% year on year,,live,30,False
NEW_HIRE_6M,IE,2021-09-30,2021Q3,13,16.0,0.8125,hicp_inflation,2021-08,2021-08-31,2021-09-30,3.0,% year on year,,live,30,False
NEW_HIRE_6M,IE,2021-12-31,2021Q4,15,17.0,0.8823529411764706,hicp_inflation,2021-11,2021-11-30,2021-12-30,5.4,% year on year,,live,31,False
NEW_HIRE_6M,IE,2022-03-31,2022Q1,12,15.0,0.8,hicp_inflation,2022-02,2022-02-28,2022-03-30,5.7,% year on year,,live,31,False
NEW_HIRE_6M,IE,2022-06-30,2022Q2,17,19.0,0.8947368421052632,hicp_inflation,2022-05,2022-05-31,2022-06-30,8.3,% year on year,,live,30,False
NEW_HIRE_6M,IE,2022-09-30,2022Q3,19,22.0,0.8636363636363636,hicp_inflation,2022-08,2022-08-31,2022-09-30,9.0,% year on year,,live,30,False
NEW_HIRE_6M,IE,2022-12-31,2022Q4,11,11.0,1.0,hicp_inflation,2022-11,2022-11-30,2022-12-30,9.0,% year on year,,live,31,False
NEW_HIRE_6M,IE,2023-03-31,2023Q1,18,20.0,0.9,hicp_inflation,2023-02,2023-02-28,2023-03-30,8.1,% year on year,,live,31,False
NEW_HIRE_6M,IE,2023-06-30,2023Q2,12,14.0,0.8571428571428571,hicp_inflation,2023-05,2023-05-31,2023-06-30,5.4,% year on year,,live,30,False
NEW_HIRE_6M,IE,2023-09-30,2023Q3,7,9.0,0.7777777777777778,hicp_inflation,2023-08,2023-08-31,2023-09-30,4.9,% year on year,,live,30,False
NEW_HIRE_6M,IE,2023-12-31,2023Q4,13,15.0,0.8666666666666667,hicp_inflation,2023-11,2023-11-30,2023-12-30,2.5,% year on year,,live,31,False
NEW_HIRE_6M,IE,2024-03-31,2024Q1,12,15.0,0.8,hicp_inflation,2024-02,2024-02-29,2024-03-30,2.3,% year on year,,live,31,False
NEW_HIRE_6M,IE,2024-06-30,2024Q2,15,17.0,0.8823529411764706,hicp_inflation,2024-05,2024-05-31,2024-06-30,2.0,% year on year,,live,30,False
NEW_HIRE_6M,IE,2024-09-30,2024Q3,16,17.0,0.9411764705882353,hicp_inflation,2024-08,2024-08-31,2024-09-30,1.1,% year on year,,live,30,False
NEW_HIRE_6M,IE,2024-12-31,2024Q4,14,16.0,0.875,hicp_inflation,2024-11,2024-11-30,2024-12-30,0.5,% year on year,,live,31,False
NEW_HIRE_6M,IE,2025-03-31,2025Q1,11,12.0,0.9166666666666666,hicp_inflation,2025-02,2025-02-28,2025-03-30,1.4,% year on year,,live,31,False
NEW_HIRE_6M,IE,2025-06-30,2025Q2,19,20.0,0.95,hicp_inflation,2025-05,2025-05-31,2025-06-30,1.4,% year on year,,live,30,False
NEW_HIRE_6M,IT,2021-03-31,2021Q1,20,23.0,0.8695652173913043,hicp_inflation,2021-02,2021-02-28,2021-03-30,1.0,% year on year,,live,31,False
NEW_HIRE_6M,IT,2021-06-30,2021Q2,14,15.0,0.9333333333333333,hicp_inflation,2021-05,2021-05-31,2021-06-30,1.2,% year on year,,live,30,False
NEW_HIRE_6M,IT,2021-09-30,2021Q3,19,27.0,0.7037037037037037,hicp_inflation,2021-08,2021-08-31,2021-09-30,2.5,% year on year,,live,30,False
NEW_HIRE_6M,IT,2021-12-31,2021Q4,18,21.0,0.8571428571428571,hicp_inflation,2021-11,2021-11-30,2021-12-30,3.9,% year on year,,live,31,False
NEW_HIRE_6M,IT,2022-03-31,2022Q1,21,23.0,0.9130434782608695,hicp_inflation,2022-02,2022-02-28,2022-03-30,6.2,% year on year,,live,31,False
NEW_HIRE_6M,IT,2022-06-30,2022Q2,6,8.0,0.75,hicp_inflation,2022-05,2022-05-31,2022-06-30,7.3,% year on year,,live,30,False
NEW_HIRE_6M,IT,2022-09-30,2022Q3,20,20.0,1.0,hicp_inflation,2022-08,2022-08-31,2022-09-30,9.1,% year on year,,live,30,False
NEW_HIRE_6M,IT,2022-12-31,2022Q4,13,18.0,0.7222222222222222,hicp_inflation,2022-11,2022-11-30,2022-12-30,12.6,% year on year,,live,31,False
NEW_HIRE_6M,IT,2023-03-31,2023Q1,20,23.0,0.8695652173913043,hicp_inflation,2023-02,2023-02-28,2023-03-30,9.8,% year on year,,live,31,False
NEW_HIRE_6M,IT,2023-06-30,2023Q2,17,21.0,0.8095238095238095,hicp_inflation,2023-05,2023-05-31,2023-06-30,8.0,% year on year,,live,30,False
NEW_HIRE_6M,IT,2023-09-30,2023Q3,15,18.0,0.8333333333333334,hicp_inflation,2023-08,2023-08-31,2023-09-30,5.5,% year on year,,live,30,False
NEW_HIRE_6M,IT,2023-12-31,2023Q4,15,20.0,0.75,hicp_inflation,2023-11,2023-11-30,2023-12-30,0.6,% year on year,,live,31,False
NEW_HIRE_6M,IT,2024-03-31,2024Q1,12,12.0,1.0,hicp_inflation,2024-02,2024-02-29,2024-03-30,0.8,% year on year,,live,31,False
NEW_HIRE_6M,IT,2024-06-30,2024Q2,20,21.0,0.9523809523809523,hicp_inflation,2024-05,2024-05-31,2024-06-30,0.8,% year on year,,live,30,False
NEW_HIRE_6M,IT,2024-09-30,2024Q3,13,14.0,0.9285714285714286,hicp_inflation,2024-08,2024-08-31,2024-09-30,1.2,% year on year,,live,30,False
NEW_HIRE_6M,IT,2024-12-31,2024Q4,9,10.0,0.9,hicp_inflation,2024-11,2024-11-30,2024-12-30,1.5,% year on year,,live,31,False
NEW_HIRE_6M,IT,2025-03-31,2025Q1,12,13.0,0.9230769230769231,hicp_inflation,2025-02,2025-02-28,2025-03-30,1.7,% year on year,,live,31,False
NEW_HIRE_6M,IT,2025-06-30,2025Q2,16,17.0,0.9411764705882353,hicp_inflation,2025-05,2025-05-31,2025-06-30,1.7,% year on year,,live,30,False
NEW_HIRE_6M,PL,2021-03-31,2021Q1,10,12.0,0.8333333333333334,hicp_inflation,2021-02,2021-02-28,2021-03-30,3.6,% year on year,,live,31,False
NEW_HIRE_6M,PL,2021-06-30,2021Q2,15,17.0,0.8823529411764706,hicp_inflation,2021-05,2021-05-31,2021-06-30,4.6,% year on year,,live,30,False
NEW_HIRE_6M,PL,2021-09-30,2021Q3,18,19.0,0.9473684210526315,hicp_inflation,2021-08,2021-08-31,2021-09-30,5.0,% year on year,,live,30,False
NEW_HIRE_6M,PL,2021-12-31,2021Q4,24,26.0,0.9230769230769231,hicp_inflation,2021-11,2021-11-30,2021-12-30,7.4,% year on year,,live,31,False
NEW_HIRE_6M,PL,2022-03-31,2022Q1,7,9.0,0.7777777777777778,hicp_inflation,2022-02,2022-02-28,2022-03-30,8.1,% year on year,,live,31,False
NEW_HIRE_6M,PL,2022-06-30,2022Q2,22,26.0,0.8461538461538461,hicp_inflation,2022-05,2022-05-31,2022-06-30,12.8,% year on year,,live,30,False
NEW_HIRE_6M,PL,2022-09-30,2022Q3,11,14.0,0.7857142857142857,hicp_inflation,2022-08,2022-08-31,2022-09-30,14.8,% year on year,,live,30,False
NEW_HIRE_6M,PL,2022-12-31,2022Q4,23,24.0,0.9583333333333334,hicp_inflation,2022-11,2022-11-30,2022-12-30,16.1,% year on year,,live,31,False
NEW_HIRE_6M,PL,2023-03-31,2023Q1,7,9.0,0.7777777777777778,hicp_inflation,2023-02,2023-02-28,2023-03-30,17.2,% year on year,,live,31,False
NEW_HIRE_6M,PL,2023-06-30,2023Q2,17,19.0,0.8947368421052632,hicp_inflation,2023-05,2023-05-31,2023-06-30,12.5,% year on year,,live,30,False
NEW_HIRE_6M,PL,2023-09-30,2023Q3,12,14.0,0.8571428571428571,hicp_inflation,2023-08,2023-08-31,2023-09-30,9.5,% year on year,,live,30,False
NEW_HIRE_6M,PL,2023-12-31,2023Q4,13,13.0,1.0,hicp_inflation,2023-11,2023-11-30,2023-12-30,6.3,% year on year,,live,31,False
NEW_HIRE_6M,PL,2024-03-31,2024Q1,11,12.0,0.9166666666666666,hicp_inflation,2024-02,2024-02-29,2024-03-30,3.7,% year on year,,live,31,False
NEW_HIRE_6M,PL,2024-06-30,2024Q2,13,15.0,0.8666666666666667,hicp_inflation,2024-05,2024-05-31,2024-06-30,2.8,% year on year,,live,30,False
NEW_HIRE_6M,PL,2024-09-30,2024Q3,15,17.0,0.8823529411764706,hicp_inflation,2024-08,2024-08-31,2024-09-30,4.0,% year on year,,live,30,False
NEW_HIRE_6M,PL,2024-12-31,2024Q4,13,14.0,0.9285714285714286,hicp_inflation,2024-11,2024-11-30,2024-12-30,3.9,% year on year,,live,31,False
NEW_HIRE_6M,PL,2025-03-31,2025Q1,10,12.0,0.8333333333333334,hicp_inflation,2025-02,2025-02-28,2025-03-30,4.3,% year on year,,live,31,False
NEW_HIRE_6M,PL,2025-06-30,2025Q2,13,14.0,0.9285714285714286,hicp_inflation,2025-05,2025-05-31,2025-06-30,3.5,% year on year,,live,30,False
NEW_HIRE_6M,RO,2021-03-31,2021Q1,11,12.0,0.9166666666666666,hicp_inflation,2021-02,2021-02-28,2021-03-30,2.5,% year on year,,live,31,False
NEW_HIRE_6M,RO,2021-06-30,2021Q2,12,16.0,0.75,hicp_inflation,2021-05,2021-05-31,2021-06-30,3.2,% year on year,,live,30,False
NEW_HIRE_6M,RO,2021-09-30,2021Q3,15,15.0,1.0,hicp_inflation,2021-08,2021-08-31,2021-09-30,4.0,% year on year,,live,30,False
NEW_HIRE_6M,RO,2021-12-31,2021Q4,9,10.0,0.9,hicp_inflation,2021-11,2021-11-30,2021-12-30,6.7,% year on year,,live,31,False
NEW_HIRE_6M,RO,2022-03-31,2022Q1,11,13.0,0.8461538461538461,hicp_inflation,2022-02,2022-02-28,2022-03-30,7.9,% year on year,,live,31,False
NEW_HIRE_6M,RO,2022-06-30,2022Q2,18,21.0,0.8571428571428571,hicp_inflation,2022-05,2022-05-31,2022-06-30,12.4,% year on year,,live,30,False
NEW_HIRE_6M,RO,2022-09-30,2022Q3,8,10.0,0.8,hicp_inflation,2022-08,2022-08-31,2022-09-30,13.3,% year on year,,live,30,False
NEW_HIRE_6M,RO,2022-12-31,2022Q4,14,17.0,0.8235294117647058,hicp_inflation,2022-11,2022-11-30,2022-12-30,14.6,% year on year,,live,31,False
NEW_HIRE_6M,RO,2023-03-31,2023Q1,11,17.0,0.6470588235294118,hicp_inflation,2023-02,2023-02-28,2023-03-30,13.4,% year on year,,live,31,False
NEW_HIRE_6M,RO,2023-06-30,2023Q2,15,17.0,0.8823529411764706,hicp_inflation,2023-05,2023-05-31,2023-06-30,9.6,% year on year,,live,30,False
NEW_HIRE_6M,RO,2023-09-30,2023Q3,15,18.0,0.8333333333333334,hicp_inflation,2023-08,2023-08-31,2023-09-30,9.3,% year on year,,live,30,False
NEW_HIRE_6M,RO,2023-12-31,2023Q4,12,15.0,0.8,hicp_inflation,2023-11,2023-11-30,2023-12-30,6.9,% year on year,,live,31,False
NEW_HIRE_6M,RO,2024-03-31,2024Q1,28,29.0,0.9655172413793104,hicp_inflation,2024-02,2024-02-29,2024-03-30,7.1,% year on year,,live,31,False
NEW_HIRE_6M,RO,2024-06-30,2024Q2,15,17.0,0.8823529411764706,hicp_inflation,2024-05,2024-05-31,2024-06-30,5.8,% year on year,,live,30,False
NEW_HIRE_6M,RO,2024-09-30,2024Q3,23,28.0,0.8214285714285714,hicp_inflation,2024-08,2024-08-31,2024-09-30,5.3,% year on year,,live,30,False
NEW_HIRE_6M,RO,2024-12-31,2024Q4,15,19.0,0.7894736842105263,hicp_inflation,2024-11,2024-11-30,2024-12-30,5.4,% year on year,,live,31,False
NEW_HIRE_6M,RO,2025-03-31,2025Q1,14,15.0,0.9333333333333333,hicp_inflation,2025-02,2025-02-28,2025-03-30,5.2,% year on year,,live,31,False
NEW_HIRE_6M,RO,2025-06-30,2025Q2,11,13.0,0.8461538461538461,hicp_inflation,2025-05,2025-05-31,2025-06-30,5.4,% year on year,,live,30,False
NEW_HIRE_6M,BG,2021-03-31,2021Q1,12,12.0,1.0,gdp_growth,2019,2019-12-31,2020-10-26,3.79331964589196,% annual,,live,456,False
NEW_HIRE_6M,BG,2021-06-30,2021Q2,16,17.0,0.9411764705882353,gdp_growth,2019,2019-12-31,2020-10-26,3.79331964589196,% annual,,live,547,False
NEW_HIRE_6M,BG,2021-09-30,2021Q3,18,20.0,0.9,gdp_growth,2019,2019-12-31,2020-10-26,3.79331964589196,% annual,,live,639,False
NEW_HIRE_6M,BG,2021-12-31,2021Q4,17,20.0,0.85,gdp_growth,2020,2020-12-31,2021-10-27,-3.13323543125917,% annual,,live,365,False
NEW_HIRE_6M,BG,2022-03-31,2022Q1,13,15.0,0.8666666666666667,gdp_growth,2020,2020-12-31,2021-10-27,-3.13323543125917,% annual,,live,455,False
NEW_HIRE_6M,BG,2022-06-30,2022Q2,13,15.0,0.8666666666666667,gdp_growth,2020,2020-12-31,2021-10-27,-3.13323543125917,% annual,,live,546,False
NEW_HIRE_6M,BG,2022-09-30,2022Q3,15,19.0,0.7894736842105263,gdp_growth,2020,2020-12-31,2021-10-27,-3.13323543125917,% annual,,live,638,False
NEW_HIRE_6M,BG,2022-12-31,2022Q4,12,13.0,0.9230769230769231,gdp_growth,2021,2021-12-31,2022-10-27,7.82817310703665,% annual,,live,365,False
NEW_HIRE_6M,BG,2023-03-31,2023Q1,16,16.0,1.0,gdp_growth,2021,2021-12-31,2022-10-27,7.82817310703665,% annual,,live,455,False
NEW_HIRE_6M,BG,2023-06-30,2023Q2,19,22.0,0.8636363636363636,gdp_growth,2021,2021-12-31,2022-10-27,7.82817310703665,% annual,,live,546,False
NEW_HIRE_6M,BG,2023-09-30,2023Q3,8,9.0,0.8888888888888888,gdp_growth,2021,2021-12-31,2022-10-27,7.82817310703665,% annual,,live,638,False
NEW_HIRE_6M,BG,2023-12-31,2023Q4,16,18.0,0.8888888888888888,gdp_growth,2022,2022-12-31,2023-10-27,4.08386398118941,% annual,,live,365,False
NEW_HIRE_6M,BG,2024-03-31,2024Q1,20,24.0,0.8333333333333334,gdp_growth,2022,2022-12-31,2023-10-27,4.08386398118941,% annual,,live,456,False
NEW_HIRE_6M,BG,2024-06-30,2024Q2,16,22.0,0.7272727272727273,gdp_growth,2022,2022-12-31,2023-10-27,4.08386398118941,% annual,,live,547,False
NEW_HIRE_6M,BG,2024-09-30,2024Q3,21,27.0,0.7777777777777778,gdp_growth,2022,2022-12-31,2023-10-27,4.08386398118941,% annual,,live,639,False
NEW_HIRE_6M,BG,2024-12-31,2024Q4,16,19.0,0.8421052631578947,gdp_growth,2023,2023-12-31,2024-10-26,1.68151075832925,% annual,,live,366,False
NEW_HIRE_6M,BG,2025-03-31,2025Q1,11,12.0,0.9166666666666666,gdp_growth,2023,2023-12-31,2024-10-26,1.68151075832925,% annual,,live,456,False
NEW_HIRE_6M,BG,2025-06-30,2025Q2,20,21.0,0.9523809523809523,gdp_growth,2023,2023-12-31,2024-10-26,1.68151075832925,% annual,,live,547,False
NEW_HIRE_6M,GR,2021-03-31,2021Q1,15,15.0,1.0,gdp_growth,2019,2019-12-31,2020-10-26,2.27718065334808,% annual,,live,456,False
NEW_HIRE_6M,GR,2021-06-30,2021Q2,19,23.0,0.8260869565217391,gdp_growth,2019,2019-12-31,2020-10-26,2.27718065334808,% annual,,live,547,False
NEW_HIRE_6M,GR,2021-09-30,2021Q3,15,18.0,0.8333333333333334,gdp_growth,2019,2019-12-31,2020-10-26,2.27718065334808,% annual,,live,639,False
NEW_HIRE_6M,GR,2021-12-31,2021Q4,21,25.0,0.84,gdp_growth,2020,2020-12-31,2021-10-27,-9.19623149726978,% annual,,live,365,False
NEW_HIRE_6M,GR,2022-03-31,2022Q1,8,11.0,0.7272727272727273,gdp_growth,2020,2020-12-31,2021-10-27,-9.19623149726978,% annual,,live,455,False
NEW_HIRE_6M,GR,2022-06-30,2022Q2,21,22.0,0.9545454545454546,gdp_growth,2020,2020-12-31,2021-10-27,-9.19623149726978,% annual,,live,546,False
NEW_HIRE_6M,GR,2022-09-30,2022Q3,16,16.0,1.0,gdp_growth,2020,2020-12-31,2021-10-27,-9.19623149726978,% annual,,live,638,False
NEW_HIRE_6M,GR,2022-12-31,2022Q4,13,15.0,0.8666666666666667,gdp_growth,2021,2021-12-31,2022-10-27,8.65449786002131,% annual,,live,365,False
NEW_HIRE_6M,GR,2023-03-31,2023Q1,13,13.0,1.0,gdp_growth,2021,2021-12-31,2022-10-27,8.65449786002131,% annual,,live,455,False
NEW_HIRE_6M,GR,2023-06-30,2023Q2,13,17.0,0.7647058823529411,gdp_growth,2021,2021-12-31,2022-10-27,8.65449786002131,% annual,,live,546,False
NEW_HIRE_6M,GR,2023-09-30,2023Q3,25,26.0,0.9615384615384616,gdp_growth,2021,2021-12-31,2022-10-27,8.65449786002131,% annual,,live,638,False
NEW_HIRE_6M,GR,2023-12-31,2023Q4,7,8.0,0.875,gdp_growth,2022,2022-12-31,2023-10-27,5.52198580589408,% annual,,live,365,False
NEW_HIRE_6M,GR,2024-03-31,2024Q1,11,13.0,0.8461538461538461,gdp_growth,2022,2022-12-31,2023-10-27,5.52198580589408,% annual,,live,456,False
NEW_HIRE_6M,GR,2024-06-30,2024Q2,12,14.0,0.8571428571428571,gdp_growth,2022,2022-12-31,2023-10-27,5.52198580589408,% annual,,live,547,False
NEW_HIRE_6M,GR,2024-09-30,2024Q3,16,17.0,0.9411764705882353,gdp_growth,2022,2022-12-31,2023-10-27,5.52198580589408,% annual,,live,639,False
NEW_HIRE_6M,GR,2024-12-31,2024Q4,22,24.0,0.9166666666666666,gdp_growth,2023,2023-12-31,2024-10-26,2.13591131996631,% annual,,live,366,False
NEW_HIRE_6M,GR,2025-03-31,2025Q1,6,9.0,0.6666666666666666,gdp_growth,2023,2023-12-31,2024-10-26,2.13591131996631,% annual,,live,456,False
NEW_HIRE_6M,GR,2025-06-30,2025Q2,12,14.0,0.8571428571428571,gdp_growth,2023,2023-12-31,2024-10-26,2.13591131996631,% annual,,live,547,False
NEW_HIRE_6M,IE,2021-03-31,2021Q1,9,13.0,0.6923076923076923,gdp_growth,2019,2019-12-31,2020-10-26,4.97288003766816,% annual,,live,456,False
NEW_HIRE_6M,IE,2021-06-30,2021Q2,7,7.0,1.0,gdp_growth,2019,2019-12-31,2020-10-26,4.97288003766816,% annual,,live,547,False
NEW_HIRE_6M,IE,2021-09-30,2021Q3,13,16.0,0.8125,gdp_growth,2019,2019-12-31,2020-10-26,4.97288003766816,% annual,,live,639,False
NEW_HIRE_6M,IE,2021-12-31,2021Q4,15,17.0,0.8823529411764706,gdp_growth,2020,2020-12-31,2021-10-27,7.15369505735335,% annual,,live,365,False
NEW_HIRE_6M,IE,2022-03-31,2022Q1,12,15.0,0.8,gdp_growth,2020,2020-12-31,2021-10-27,7.15369505735335,% annual,,live,455,False
NEW_HIRE_6M,IE,2022-06-30,2022Q2,17,19.0,0.8947368421052632,gdp_growth,2020,2020-12-31,2021-10-27,7.15369505735335,% annual,,live,546,False
NEW_HIRE_6M,IE,2022-09-30,2022Q3,19,22.0,0.8636363636363636,gdp_growth,2020,2020-12-31,2021-10-27,7.15369505735335,% annual,,live,638,False
NEW_HIRE_6M,IE,2022-12-31,2022Q4,11,11.0,1.0,gdp_growth,2021,2021-12-31,2022-10-27,16.2581881158197,% annual,,live,365,False
NEW_HIRE_6M,IE,2023-03-31,2023Q1,18,20.0,0.9,gdp_growth,2021,2021-12-31,2022-10-27,16.2581881158197,% annual,,live,455,False
NEW_HIRE_6M,IE,2023-06-30,2023Q2,12,14.0,0.8571428571428571,gdp_growth,2021,2021-12-31,2022-10-27,16.2581881158197,% annual,,live,546,False
NEW_HIRE_6M,IE,2023-09-30,2023Q3,7,9.0,0.7777777777777778,gdp_growth,2021,2021-12-31,2022-10-27,16.2581881158197,% annual,,live,638,False
NEW_HIRE_6M,IE,2023-12-31,2023Q4,13,15.0,0.8666666666666667,gdp_growth,2022,2022-12-31,2023-10-27,7.51113888415304,% annual,,live,365,False
NEW_HIRE_6M,IE,2024-03-31,2024Q1,12,15.0,0.8,gdp_growth,2022,2022-12-31,2023-10-27,7.51113888415304,% annual,,live,456,False
NEW_HIRE_6M,IE,2024-06-30,2024Q2,15,17.0,0.8823529411764706,gdp_growth,2022,2022-12-31,2023-10-27,7.51113888415304,% annual,,live,547,False
NEW_HIRE_6M,IE,2024-09-30,2024Q3,16,17.0,0.9411764705882353,gdp_growth,2022,2022-12-31,2023-10-27,7.51113888415304,% annual,,live,639,False
NEW_HIRE_6M,IE,2024-12-31,2024Q4,14,16.0,0.875,gdp_growth,2023,2023-12-31,2024-10-26,-2.53637409313261,% annual,,live,366,False
NEW_HIRE_6M,IE,2025-03-31,2025Q1,11,12.0,0.9166666666666666,gdp_growth,2023,2023-12-31,2024-10-26,-2.53637409313261,% annual,,live,456,False
NEW_HIRE_6M,IE,2025-06-30,2025Q2,19,20.0,0.95,gdp_growth,2023,2023-12-31,2024-10-26,-2.53637409313261,% annual,,live,547,False
NEW_HIRE_6M,IT,2021-03-31,2021Q1,20,23.0,0.8695652173913043,gdp_growth,2019,2019-12-31,2020-10-26,0.429162533780342,% annual,,live,456,False
NEW_HIRE_6M,IT,2021-06-30,2021Q2,14,15.0,0.9333333333333333,gdp_growth,2019,2019-12-31,2020-10-26,0.429162533780342,% annual,,live,547,False
NEW_HIRE_6M,IT,2021-09-30,2021Q3,19,27.0,0.7037037037037037,gdp_growth,2019,2019-12-31,2020-10-26,0.429162533780342,% annual,,live,639,False
NEW_HIRE_6M,IT,2021-12-31,2021Q4,18,21.0,0.8571428571428571,gdp_growth,2020,2020-12-31,2021-10-27,-8.86822122185345,% annual,,live,365,False
NEW_HIRE_6M,IT,2022-03-31,2022Q1,21,23.0,0.9130434782608695,gdp_growth,2020,2020-12-31,2021-10-27,-8.86822122185345,% annual,,live,455,False
NEW_HIRE_6M,IT,2022-06-30,2022Q2,6,8.0,0.75,gdp_growth,2020,2020-12-31,2021-10-27,-8.86822122185345,% annual,,live,546,False
NEW_HIRE_6M,IT,2022-09-30,2022Q3,20,20.0,1.0,gdp_growth,2020,2020-12-31,2021-10-27,-8.86822122185345,% annual,,live,638,False
NEW_HIRE_6M,IT,2022-12-31,2022Q4,13,18.0,0.7222222222222222,gdp_growth,2021,2021-12-31,2022-10-27,8.93106210800055,% annual,,live,365,False
NEW_HIRE_6M,IT,2023-03-31,2023Q1,20,23.0,0.8695652173913043,gdp_growth,2021,2021-12-31,2022-10-27,8.93106210800055,% annual,,live,455,False
NEW_HIRE_6M,IT,2023-06-30,2023Q2,17,21.0,0.8095238095238095,gdp_growth,2021,2021-12-31,2022-10-27,8.93106210800055,% annual,,live,546,False
NEW_HIRE_6M,IT,2023-09-30,2023Q3,15,18.0,0.8333333333333334,gdp_growth,2021,2021-12-31,2022-10-27,8.93106210800055,% annual,,live,638,False
NEW_HIRE_6M,IT,2023-12-31,2023Q4,15,20.0,0.75,gdp_growth,2022,2022-12-31,2023-10-27,4.82117669913565,% annual,,live,365,False
NEW_HIRE_6M,IT,2024-03-31,2024Q1,12,12.0,1.0,gdp_growth,2022,2022-12-31,2023-10-27,4.82117669913565,% annual,,live,456,False
NEW_HIRE_6M,IT,2024-06-30,2024Q2,20,21.0,0.9523809523809523,gdp_growth,2022,2022-12-31,2023-10-27,4.82117669913565,% annual,,live,547,False
NEW_HIRE_6M,IT,2024-09-30,2024Q3,13,14.0,0.9285714285714286,gdp_growth,2022,2022-12-31,2023-10-27,4.82117669913565,% annual,,live,639,False
NEW_HIRE_6M,IT,2024-12-31,2024Q4,9,10.0,0.9,gdp_growth,2023,2023-12-31,2024-10-26,0.922796543670316,% annual,,live,366,False
NEW_HIRE_6M,IT,2025-03-31,2025Q1,12,13.0,0.9230769230769231,gdp_growth,2023,2023-12-31,2024-10-26,0.922796543670316,% annual,,live,456,False
NEW_HIRE_6M,IT,2025-06-30,2025Q2,16,17.0,0.9411764705882353,gdp_growth,2023,2023-12-31,2024-10-26,0.922796543670316,% annual,,live,547,False
NEW_HIRE_6M,PL,2021-03-31,2021Q1,10,12.0,0.8333333333333334,gdp_growth,2019,2019-12-31,2020-10-26,4.58045817256199,% annual,,live,456,False
NEW_HIRE_6M,PL,2021-06-30,2021Q2,15,17.0,0.8823529411764706,gdp_growth,2019,2019-12-31,2020-10-26,4.58045817256199,% annual,,live,547,False
NEW_HIRE_6M,PL,2021-09-30,2021Q3,18,19.0,0.9473684210526315,gdp_growth,2019,2019-12-31,2020-10-26,4.58045817256199,% annual,,live,639,False
NEW_HIRE_6M,PL,2021-12-31,2021Q4,24,26.0,0.9230769230769231,gdp_growth,2020,2020-12-31,2021-10-27,-2.03556882399977,% annual,,live,365,False
NEW_HIRE_6M,PL,2022-03-31,2022Q1,7,9.0,0.7777777777777778,gdp_growth,2020,2020-12-31,2021-10-27,-2.03556882399977,% annual,,live,455,False
NEW_HIRE_6M,PL,2022-06-30,2022Q2,22,26.0,0.8461538461538461,gdp_growth,2020,2020-12-31,2021-10-27,-2.03556882399977,% annual,,live,546,False
NEW_HIRE_6M,PL,2022-09-30,2022Q3,11,14.0,0.7857142857142857,gdp_growth,2020,2020-12-31,2021-10-27,-2.03556882399977,% annual,,live,638,False
NEW_HIRE_6M,PL,2022-12-31,2022Q4,23,24.0,0.9583333333333334,gdp_growth,2021,2021-12-31,2022-10-27,6.92718266052501,% annual,,live,365,False
NEW_HIRE_6M,PL,2023-03-31,2023Q1,7,9.0,0.7777777777777778,gdp_growth,2021,2021-12-31,2022-10-27,6.92718266052501,% annual,,live,455,False
NEW_HIRE_6M,PL,2023-06-30,2023Q2,17,19.0,0.8947368421052632,gdp_growth,2021,2021-12-31,2022-10-27,6.92718266052501,% annual,,live,546,False
NEW_HIRE_6M,PL,2023-09-30,2023Q3,12,14.0,0.8571428571428571,gdp_growth,2021,2021-12-31,2022-10-27,6.92718266052501,% annual,,live,638,False
NEW_HIRE_6M,PL,2023-12-31,2023Q4,13,13.0,1.0,gdp_growth,2022,2022-12-31,2023-10-27,5.25545697386036,% annual,,live,365,False
NEW_HIRE_6M,PL,2024-03-31,2024Q1,11,12.0,0.9166666666666666,gdp_growth,2022,2022-12-31,2023-10-27,5.25545697386036,% annual,,live,456,False
NEW_HIRE_6M,PL,2024-06-30,2024Q2,13,15.0,0.8666666666666667,gdp_growth,2022,2022-12-31,2023-10-27,5.25545697386036,% annual,,live,547,False
NEW_HIRE_6M,PL,2024-09-30,2024Q3,15,17.0,0.8823529411764706,gdp_growth,2022,2022-12-31,2023-10-27,5.25545697386036,% annual,,live,639,False
NEW_HIRE_6M,PL,2024-12-31,2024Q4,13,14.0,0.9285714285714286,gdp_growth,2023,2023-12-31,2024-10-26,0.249610834017872,% annual,,live,366,False
NEW_HIRE_6M,PL,2025-03-31,2025Q1,10,12.0,0.8333333333333334,gdp_growth,2023,2023-12-31,2024-10-26,0.249610834017872,% annual,,live,456,False
NEW_HIRE_6M,PL,2025-06-30,2025Q2,13,14.0,0.9285714285714286,gdp_growth,2023,2023-12-31,2024-10-26,0.249610834017872,% annual,,live,547,False
NEW_HIRE_6M,RO,2021-03-31,2021Q1,11,12.0,0.9166666666666666,gdp_growth,2019,2019-12-31,2020-10-26,3.96028958497598,% annual,,live,456,False
NEW_HIRE_6M,RO,2021-06-30,2021Q2,12,16.0,0.75,gdp_growth,2019,2019-12-31,2020-10-26,3.96028958497598,% annual,,live,547,False
NEW_HIRE_6M,RO,2021-09-30,2021Q3,15,15.0,1.0,gdp_growth,2019,2019-12-31,2020-10-26,3.96028958497598,% annual,,live,639,False
NEW_HIRE_6M,RO,2021-12-31,2021Q4,9,10.0,0.9,gdp_growth,2020,2020-12-31,2021-10-27,-3.59802546034757,% annual,,live,365,False
NEW_HIRE_6M,RO,2022-03-31,2022Q1,11,13.0,0.8461538461538461,gdp_growth,2020,2020-12-31,2021-10-27,-3.59802546034757,% annual,,live,455,False
NEW_HIRE_6M,RO,2022-06-30,2022Q2,18,21.0,0.8571428571428571,gdp_growth,2020,2020-12-31,2021-10-27,-3.59802546034757,% annual,,live,546,False
NEW_HIRE_6M,RO,2022-09-30,2022Q3,8,10.0,0.8,gdp_growth,2020,2020-12-31,2021-10-27,-3.59802546034757,% annual,,live,638,False
NEW_HIRE_6M,RO,2022-12-31,2022Q4,14,17.0,0.8235294117647058,gdp_growth,2021,2021-12-31,2022-10-27,5.58735072538869,% annual,,live,365,False
NEW_HIRE_6M,RO,2023-03-31,2023Q1,11,17.0,0.6470588235294118,gdp_growth,2021,2021-12-31,2022-10-27,5.58735072538869,% annual,,live,455,False
NEW_HIRE_6M,RO,2023-06-30,2023Q2,15,17.0,0.8823529411764706,gdp_growth,2021,2021-12-31,2022-10-27,5.58735072538869,% annual,,live,546,False
NEW_HIRE_6M,RO,2023-09-30,2023Q3,15,18.0,0.8333333333333334,gdp_growth,2021,2021-12-31,2022-10-27,5.58735072538869,% annual,,live,638,False
NEW_HIRE_6M,RO,2023-12-31,2023Q4,12,15.0,0.8,gdp_growth,2022,2022-12-31,2023-10-27,4.18771305104109,% annual,,live,365,False
NEW_HIRE_6M,RO,2024-03-31,2024Q1,28,29.0,0.9655172413793104,gdp_growth,2022,2022-12-31,2023-10-27,4.18771305104109,% annual,,live,456,False
NEW_HIRE_6M,RO,2024-06-30,2024Q2,15,17.0,0.8823529411764706,gdp_growth,2022,2022-12-31,2023-10-27,4.18771305104109,% annual,,live,547,False
NEW_HIRE_6M,RO,2024-09-30,2024Q3,23,28.0,0.8214285714285714,gdp_growth,2022,2022-12-31,2023-10-27,4.18771305104109,% annual,,live,639,False
NEW_HIRE_6M,RO,2024-12-31,2024Q4,15,19.0,0.7894736842105263,gdp_growth,2023,2023-12-31,2024-10-26,2.25773416555121,% annual,,live,366,False
NEW_HIRE_6M,RO,2025-03-31,2025Q1,14,15.0,0.9333333333333333,gdp_growth,2023,2023-12-31,2024-10-26,2.25773416555121,% annual,,live,456,False
NEW_HIRE_6M,RO,2025-06-30,2025Q2,11,13.0,0.8461538461538461,gdp_growth,2023,2023-12-31,2024-10-26,2.25773416555121,% annual,,live,547,False
NEW_HIRE_6M,BG,2021-03-31,2021Q1,12,12.0,1.0,labour_force_participation,2019,2019-12-31,2020-12-30,56.659,% of population 15+,,live,456,False
NEW_HIRE_6M,BG,2021-06-30,2021Q2,16,17.0,0.9411764705882353,labour_force_participation,2019,2019-12-31,2020-12-30,56.659,% of population 15+,,live,547,False
NEW_HIRE_6M,BG,2021-09-30,2021Q3,18,20.0,0.9,labour_force_participation,2019,2019-12-31,2020-12-30,56.659,% of population 15+,,live,639,False
NEW_HIRE_6M,BG,2021-12-31,2021Q4,17,20.0,0.85,labour_force_participation,2020,2020-12-31,2021-12-31,55.878,% of population 15+,,live,365,False
NEW_HIRE_6M,BG,2022-03-31,2022Q1,13,15.0,0.8666666666666667,labour_force_participation,2020,2020-12-31,2021-12-31,55.878,% of population 15+,,live,455,False
NEW_HIRE_6M,BG,2022-06-30,2022Q2,13,15.0,0.8666666666666667,labour_force_participation,2020,2020-12-31,2021-12-31,55.878,% of population 15+,,live,546,False
NEW_HIRE_6M,BG,2022-09-30,2022Q3,15,19.0,0.7894736842105263,labour_force_participation,2020,2020-12-31,2021-12-31,55.878,% of population 15+,,live,638,False
NEW_HIRE_6M,BG,2022-12-31,2022Q4,12,13.0,0.9230769230769231,labour_force_participation,2021,2021-12-31,2022-12-31,55.392,% of population 15+,,live,365,False
NEW_HIRE_6M,BG,2023-03-31,2023Q1,16,16.0,1.0,labour_force_participation,2021,2021-12-31,2022-12-31,55.392,% of population 15+,,live,455,False
NEW_HIRE_6M,BG,2023-06-30,2023Q2,19,22.0,0.8636363636363636,labour_force_participation,2021,2021-12-31,2022-12-31,55.392,% of population 15+,,live,546,False
NEW_HIRE_6M,BG,2023-09-30,2023Q3,8,9.0,0.8888888888888888,labour_force_participation,2021,2021-12-31,2022-12-31,55.392,% of population 15+,,live,638,False
NEW_HIRE_6M,BG,2023-12-31,2023Q4,16,18.0,0.8888888888888888,labour_force_participation,2022,2022-12-31,2023-12-31,56.735,% of population 15+,,live,365,False
NEW_HIRE_6M,BG,2024-03-31,2024Q1,20,24.0,0.8333333333333334,labour_force_participation,2022,2022-12-31,2023-12-31,56.735,% of population 15+,,live,456,False
NEW_HIRE_6M,BG,2024-06-30,2024Q2,16,22.0,0.7272727272727273,labour_force_participation,2022,2022-12-31,2023-12-31,56.735,% of population 15+,,live,547,False
NEW_HIRE_6M,BG,2024-09-30,2024Q3,21,27.0,0.7777777777777778,labour_force_participation,2022,2022-12-31,2023-12-31,56.735,% of population 15+,,live,639,False
NEW_HIRE_6M,BG,2024-12-31,2024Q4,16,19.0,0.8421052631578947,labour_force_participation,2023,2023-12-31,2024-12-30,56.896,% of population 15+,,live,366,False
NEW_HIRE_6M,BG,2025-03-31,2025Q1,11,12.0,0.9166666666666666,labour_force_participation,2023,2023-12-31,2024-12-30,56.896,% of population 15+,,live,456,False
NEW_HIRE_6M,BG,2025-06-30,2025Q2,20,21.0,0.9523809523809523,labour_force_participation,2023,2023-12-31,2024-12-30,56.896,% of population 15+,,live,547,False
NEW_HIRE_6M,GR,2021-03-31,2021Q1,15,15.0,1.0,labour_force_participation,2019,2019-12-31,2020-12-30,50.855,% of population 15+,,live,456,False
NEW_HIRE_6M,GR,2021-06-30,2021Q2,19,23.0,0.8260869565217391,labour_force_participation,2019,2019-12-31,2020-12-30,50.855,% of population 15+,,live,547,False
NEW_HIRE_6M,GR,2021-09-30,2021Q3,15,18.0,0.8333333333333334,labour_force_participation,2019,2019-12-31,2020-12-30,50.855,% of population 15+,,live,639,False
NEW_HIRE_6M,GR,2021-12-31,2021Q4,21,25.0,0.84,labour_force_participation,2020,2020-12-31,2021-12-31,50.055,% of population 15+,,live,365,False
NEW_HIRE_6M,GR,2022-03-31,2022Q1,8,11.0,0.7272727272727273,labour_force_participation,2020,2020-12-31,2021-12-31,50.055,% of population 15+,,live,455,False
NEW_HIRE_6M,GR,2022-06-30,2022Q2,21,22.0,0.9545454545454546,labour_force_participation,2020,2020-12-31,2021-12-31,50.055,% of population 15+,,live,546,False
NEW_HIRE_6M,GR,2022-09-30,2022Q3,16,16.0,1.0,labour_force_participation,2020,2020-12-31,2021-12-31,50.055,% of population 15+,,live,638,False
NEW_HIRE_6M,GR,2022-12-31,2022Q4,13,15.0,0.8666666666666667,labour_force_participation,2021,2021-12-31,2022-12-31,50.33,% of population 15+,,live,365,False
NEW_HIRE_6M,GR,2023-03-31,2023Q1,13,13.0,1.0,labour_force_participation,2021,2021-12-31,2022-12-31,50.33,% of population 15+,,live,455,False
NEW_HIRE_6M,GR,2023-06-30,2023Q2,13,17.0,0.7647058823529411,labour_force_participation,2021,2021-12-31,2022-12-31,50.33,% of population 15+,,live,546,False
NEW_HIRE_6M,GR,2023-09-30,2023Q3,25,26.0,0.9615384615384616,labour_force_participation,2021,2021-12-31,2022-12-31,50.33,% of population 15+,,live,638,False
NEW_HIRE_6M,GR,2023-12-31,2023Q4,7,8.0,0.875,labour_force_participation,2022,2022-12-31,2023-12-31,51.826,% of population 15+,,live,365,False
NEW_HIRE_6M,GR,2024-03-31,2024Q1,11,13.0,0.8461538461538461,labour_force_participation,2022,2022-12-31,2023-12-31,51.826,% of population 15+,,live,456,False
NEW_HIRE_6M,GR,2024-06-30,2024Q2,12,14.0,0.8571428571428571,labour_force_participation,2022,2022-12-31,2023-12-31,51.826,% of population 15+,,live,547,False
NEW_HIRE_6M,GR,2024-09-30,2024Q3,16,17.0,0.9411764705882353,labour_force_participation,2022,2022-12-31,2023-12-31,51.826,% of population 15+,,live,639,False
NEW_HIRE_6M,GR,2024-12-31,2024Q4,22,24.0,0.9166666666666666,labour_force_participation,2023,2023-12-31,2024-12-30,51.801,% of population 15+,,live,366,False
NEW_HIRE_6M,GR,2025-03-31,2025Q1,6,9.0,0.6666666666666666,labour_force_participation,2023,2023-12-31,2024-12-30,51.801,% of population 15+,,live,456,False
NEW_HIRE_6M,GR,2025-06-30,2025Q2,12,14.0,0.8571428571428571,labour_force_participation,2023,2023-12-31,2024-12-30,51.801,% of population 15+,,live,547,False
NEW_HIRE_6M,IE,2021-03-31,2021Q1,9,13.0,0.6923076923076923,labour_force_participation,2019,2019-12-31,2020-12-30,62.312,% of population 15+,,live,456,False
NEW_HIRE_6M,IE,2021-06-30,2021Q2,7,7.0,1.0,labour_force_participation,2019,2019-12-31,2020-12-30,62.312,% of population 15+,,live,547,False
NEW_HIRE_6M,IE,2021-09-30,2021Q3,13,16.0,0.8125,labour_force_participation,2019,2019-12-31,2020-12-30,62.312,% of population 15+,,live,639,False
NEW_HIRE_6M,IE,2021-12-31,2021Q4,15,17.0,0.8823529411764706,labour_force_participation,2020,2020-12-31,2021-12-31,61.09,% of population 15+,,live,365,False
NEW_HIRE_6M,IE,2022-03-31,2022Q1,12,15.0,0.8,labour_force_participation,2020,2020-12-31,2021-12-31,61.09,% of population 15+,,live,455,False
NEW_HIRE_6M,IE,2022-06-30,2022Q2,17,19.0,0.8947368421052632,labour_force_participation,2020,2020-12-31,2021-12-31,61.09,% of population 15+,,live,546,False
NEW_HIRE_6M,IE,2022-09-30,2022Q3,19,22.0,0.8636363636363636,labour_force_participation,2020,2020-12-31,2021-12-31,61.09,% of population 15+,,live,638,False
NEW_HIRE_6M,IE,2022-12-31,2022Q4,11,11.0,1.0,labour_force_participation,2021,2021-12-31,2022-12-31,63.546,% of population 15+,,live,365,False
NEW_HIRE_6M,IE,2023-03-31,2023Q1,18,20.0,0.9,labour_force_participation,2021,2021-12-31,2022-12-31,63.546,% of population 15+,,live,455,False
NEW_HIRE_6M,IE,2023-06-30,2023Q2,12,14.0,0.8571428571428571,labour_force_participation,2021,2021-12-31,2022-12-31,63.546,% of population 15+,,live,546,False
NEW_HIRE_6M,IE,2023-09-30,2023Q3,7,9.0,0.7777777777777778,labour_force_participation,2021,2021-12-31,2022-12-31,63.546,% of population 15+,,live,638,False
NEW_HIRE_6M,IE,2023-12-31,2023Q4,13,15.0,0.8666666666666667,labour_force_participation,2022,2022-12-31,2023-12-31,64.444,% of population 15+,,live,365,False
NEW_HIRE_6M,IE,2024-03-31,2024Q1,12,15.0,0.8,labour_force_participation,2022,2022-12-31,2023-12-31,64.444,% of population 15+,,live,456,False
NEW_HIRE_6M,IE,2024-06-30,2024Q2,15,17.0,0.8823529411764706,labour_force_participation,2022,2022-12-31,2023-12-31,64.444,% of population 15+,,live,547,False
NEW_HIRE_6M,IE,2024-09-30,2024Q3,16,17.0,0.9411764705882353,labour_force_participation,2022,2022-12-31,2023-12-31,64.444,% of population 15+,,live,639,False
NEW_HIRE_6M,IE,2024-12-31,2024Q4,14,16.0,0.875,labour_force_participation,2023,2023-12-31,2024-12-30,66.184,% of population 15+,,live,366,False
NEW_HIRE_6M,IE,2025-03-31,2025Q1,11,12.0,0.9166666666666666,labour_force_participation,2023,2023-12-31,2024-12-30,66.184,% of population 15+,,live,456,False
NEW_HIRE_6M,IE,2025-06-30,2025Q2,19,20.0,0.95,labour_force_participation,2023,2023-12-31,2024-12-30,66.184,% of population 15+,,live,547,False
NEW_HIRE_6M,IT,2021-03-31,2021Q1,20,23.0,0.8695652173913043,labour_force_participation,2019,2019-12-31,2020-12-30,49.589,% of population 15+,,live,456,False
NEW_HIRE_6M,IT,2021-06-30,2021Q2,14,15.0,0.9333333333333333,labour_force_participation,2019,2019-12-31,2020-12-30,49.589,% of population 15+,,live,547,False
NEW_HIRE_6M,IT,2021-09-30,2021Q3,19,27.0,0.7037037037037037,labour_force_participation,2019,2019-12-31,2020-12-30,49.589,% of population 15+,,live,639,False
NEW_HIRE_6M,IT,2021-12-31,2021Q4,18,21.0,0.8571428571428571,labour_force_participation,2020,2020-12-31,2021-12-31,48.218,% of population 15+,,live,365,False
NEW_HIRE_6M,IT,2022-03-31,2022Q1,21,23.0,0.9130434782608695,labour_force_participation,2020,2020-12-31,2021-12-31,48.218,% of population 15+,,live,455,False
NEW_HIRE_6M,IT,2022-06-30,2022Q2,6,8.0,0.75,labour_force_participation,2020,2020-12-31,2021-12-31,48.218,% of population 15+,,live,546,False
NEW_HIRE_6M,IT,2022-09-30,2022Q3,20,20.0,1.0,labour_force_participation,2020,2020-12-31,2021-12-31,48.218,% of population 15+,,live,638,False
NEW_HIRE_6M,IT,2022-12-31,2022Q4,13,18.0,0.7222222222222222,labour_force_participation,2021,2021-12-31,2022-12-31,48.443,% of population 15+,,live,365,False
NEW_HIRE_6M,IT,2023-03-31,2023Q1,20,23.0,0.8695652173913043,labour_force_participation,2021,2021-12-31,2022-12-31,48.443,% of population 15+,,live,455,False
NEW_HIRE_6M,IT,2023-06-30,2023Q2,17,21.0,0.8095238095238095,labour_force_participation,2021,2021-12-31,2022-12-31,48.443,% of population 15+,,live,546,False
NEW_HIRE_6M,IT,2023-09-30,2023Q3,15,18.0,0.8333333333333334,labour_force_participation,2021,2021-12-31,2022-12-31,48.443,% of population 15+,,live,638,False
NEW_HIRE_6M,IT,2023-12-31,2023Q4,15,20.0,0.75,labour_force_participation,2022,2022-12-31,2023-12-31,49.034,% of population 15+,,live,365,False
NEW_HIRE_6M,IT,2024-03-31,2024Q1,12,12.0,1.0,labour_force_participation,2022,2022-12-31,2023-12-31,49.034,% of population 15+,,live,456,False
NEW_HIRE_6M,IT,2024-06-30,2024Q2,20,21.0,0.9523809523809523,labour_force_participation,2022,2022-12-31,2023-12-31,49.034,% of population 15+,,live,547,False
NEW_HIRE_6M,IT,2024-09-30,2024Q3,13,14.0,0.9285714285714286,labour_force_participation,2022,2022-12-31,2023-12-31,49.034,% of population 15+,,live,639,False
NEW_HIRE_6M,IT,2024-12-31,2024Q4,9,10.0,0.9,labour_force_participation,2023,2023-12-31,2024-12-30,49.8,% of population 15+,,live,366,False
NEW_HIRE_6M,IT,2025-03-31,2025Q1,12,13.0,0.9230769230769231,labour_force_participation,2023,2023-12-31,2024-12-30,49.8,% of population 15+,,live,456,False
NEW_HIRE_6M,IT,2025-06-30,2025Q2,16,17.0,0.9411764705882353,labour_force_participation,2023,2023-12-31,2024-12-30,49.8,% of population 15+,,live,547,False
NEW_HIRE_6M,PL,2021-03-31,2021Q1,10,12.0,0.8333333333333334,labour_force_participation,2019,2019-12-31,2020-12-30,57.471,% of population 15+,,live,456,False
NEW_HIRE_6M,PL,2021-06-30,2021Q2,15,17.0,0.8823529411764706,labour_force_participation,2019,2019-12-31,2020-12-30,57.471,% of population 15+,,live,547,False
NEW_HIRE_6M,PL,2021-09-30,2021Q3,18,19.0,0.9473684210526315,labour_force_participation,2019,2019-12-31,2020-12-30,57.471,% of population 15+,,live,639,False
NEW_HIRE_6M,PL,2021-12-31,2021Q4,24,26.0,0.9230769230769231,labour_force_participation,2020,2020-12-31,2021-12-31,57.397,% of population 15+,,live,365,False
NEW_HIRE_6M,PL,2022-03-31,2022Q1,7,9.0,0.7777777777777778,labour_force_participation,2020,2020-12-31,2021-12-31,57.397,% of population 15+,,live,455,False
NEW_HIRE_6M,PL,2022-06-30,2022Q2,22,26.0,0.8461538461538461,labour_force_participation,2020,2020-12-31,2021-12-31,57.397,% of population 15+,,live,546,False
NEW_HIRE_6M,PL,2022-09-30,2022Q3,11,14.0,0.7857142857142857,labour_force_participation,2020,2020-12-31,2021-12-31,57.397,% of population 15+,,live,638,False
NEW_HIRE_6M,PL,2022-12-31,2022Q4,23,24.0,0.9583333333333334,labour_force_participation,2021,2021-12-31,2022-12-31,58.698,% of population 15+,,live,365,False
NEW_HIRE_6M,PL,2023-03-31,2023Q1,7,9.0,0.7777777777777778,labour_force_participation,2021,2021-12-31,2022-12-31,58.698,% of population 15+,,live,455,False
NEW_HIRE_6M,PL,2023-06-30,2023Q2,17,19.0,0.8947368421052632,labour_force_participation,2021,2021-12-31,2022-12-31,58.698,% of population 15+,,live,546,False
NEW_HIRE_6M,PL,2023-09-30,2023Q3,12,14.0,0.8571428571428571,labour_force_participation,2021,2021-12-31,2022-12-31,58.698,% of population 15+,,live,638,False
NEW_HIRE_6M,PL,2023-12-31,2023Q4,13,13.0,1.0,labour_force_participation,2022,2022-12-31,2023-12-31,58.946,% of population 15+,,live,365,False
NEW_HIRE_6M,PL,2024-03-31,2024Q1,11,12.0,0.9166666666666666,labour_force_participation,2022,2022-12-31,2023-12-31,58.946,% of population 15+,,live,456,False
NEW_HIRE_6M,PL,2024-06-30,2024Q2,13,15.0,0.8666666666666667,labour_force_participation,2022,2022-12-31,2023-12-31,58.946,% of population 15+,,live,547,False
NEW_HIRE_6M,PL,2024-09-30,2024Q3,15,17.0,0.8823529411764706,labour_force_participation,2022,2022-12-31,2023-12-31,58.946,% of population 15+,,live,639,False
NEW_HIRE_6M,PL,2024-12-31,2024Q4,13,14.0,0.9285714285714286,labour_force_participation,2023,2023-12-31,2024-12-30,59.23,% of population 15+,,live,366,False
NEW_HIRE_6M,PL,2025-03-31,2025Q1,10,12.0,0.8333333333333334,labour_force_participation,2023,2023-12-31,2024-12-30,59.23,% of population 15+,,live,456,False
NEW_HIRE_6M,PL,2025-06-30,2025Q2,13,14.0,0.9285714285714286,labour_force_participation,2023,2023-12-31,2024-12-30,59.23,% of population 15+,,live,547,False
NEW_HIRE_6M,RO,2021-03-31,2021Q1,11,12.0,0.9166666666666666,labour_force_participation,2019,2019-12-31,2020-12-30,52.02,% of population 15+,,live,456,False
NEW_HIRE_6M,RO,2021-06-30,2021Q2,12,16.0,0.75,labour_force_participation,2019,2019-12-31,2020-12-30,52.02,% of population 15+,,live,547,False
NEW_HIRE_6M,RO,2021-09-30,2021Q3,15,15.0,1.0,labour_force_participation,2019,2019-12-31,2020-12-30,52.02,% of population 15+,,live,639,False
NEW_HIRE_6M,RO,2021-12-31,2021Q4,9,10.0,0.9,labour_force_participation,2020,2020-12-31,2021-12-31,51.998,% of population 15+,,live,365,False
NEW_HIRE_6M,RO,2022-03-31,2022Q1,11,13.0,0.8461538461538461,labour_force_participation,2020,2020-12-31,2021-12-31,51.998,% of population 15+,,live,455,False
NEW_HIRE_6M,RO,2022-06-30,2022Q2,18,21.0,0.8571428571428571,labour_force_participation,2020,2020-12-31,2021-12-31,51.998,% of population 15+,,live,546,False
NEW_HIRE_6M,RO,2022-09-30,2022Q3,8,10.0,0.8,labour_force_participation,2020,2020-12-31,2021-12-31,51.998,% of population 15+,,live,638,False
NEW_HIRE_6M,RO,2022-12-31,2022Q4,14,17.0,0.8235294117647058,labour_force_participation,2021,2021-12-31,2022-12-31,52.467,% of population 15+,,live,365,False
NEW_HIRE_6M,RO,2023-03-31,2023Q1,11,17.0,0.6470588235294118,labour_force_participation,2021,2021-12-31,2022-12-31,52.467,% of population 15+,,live,455,False
NEW_HIRE_6M,RO,2023-06-30,2023Q2,15,17.0,0.8823529411764706,labour_force_participation,2021,2021-12-31,2022-12-31,52.467,% of population 15+,,live,546,False
NEW_HIRE_6M,RO,2023-09-30,2023Q3,15,18.0,0.8333333333333334,labour_force_participation,2021,2021-12-31,2022-12-31,52.467,% of population 15+,,live,638,False
NEW_HIRE_6M,RO,2023-12-31,2023Q4,12,15.0,0.8,labour_force_participation,2022,2022-12-31,2023-12-31,52.637,% of population 15+,,live,365,False
NEW_HIRE_6M,RO,2024-03-31,2024Q1,28,29.0,0.9655172413793104,labour_force_participation,2022,2022-12-31,2023-12-31,52.637,% of population 15+,,live,456,False
NEW_HIRE_6M,RO,2024-06-30,2024Q2,15,17.0,0.8823529411764706,labour_force_participation,2022,2022-12-31,2023-12-31,52.637,% of population 15+,,live,547,False
NEW_HIRE_6M,RO,2024-09-30,2024Q3,23,28.0,0.8214285714285714,labour_force_participation,2022,2022-12-31,2023-12-31,52.637,% of population 15+,,live,639,False
NEW_HIRE_6M,RO,2024-12-31,2024Q4,15,19.0,0.7894736842105263,labour_force_participation,2023,2023-12-31,2024-12-30,51.739,% of population 15+,,live,366,False
NEW_HIRE_6M,RO,2025-03-31,2025Q1,14,15.0,0.9333333333333333,labour_force_participation,2023,2023-12-31,2024-12-30,51.739,% of population 15+,,live,456,False
NEW_HIRE_6M,RO,2025-06-30,2025Q2,11,13.0,0.8461538461538461,labour_force_participation,2023,2023-12-31,2024-12-30,51.739,% of population 15+,,live,547,False
REGRETTED_TURNOVER_12M,BG,2021-12-31,2021Q4,2,90.5,0.022099447513812154,unemployment_rate,2021-10,2021-10-31,2021-12-15,4.6,% of active population,,live,61,False
REGRETTED_TURNOVER_12M,BG,2022-12-31,2022Q4,7,142.5,0.04912280701754386,unemployment_rate,2022-10,2022-10-31,2022-12-15,3.8,% of active population,,live,61,False
REGRETTED_TURNOVER_12M,BG,2023-12-31,2023Q4,5,185.5,0.026954177897574125,unemployment_rate,2023-10,2023-10-31,2023-12-15,4.3,% of active population,,live,61,False
REGRETTED_TURNOVER_12M,BG,2024-12-31,2024Q4,8,236.5,0.03382663847780127,unemployment_rate,2024-10,2024-10-31,2024-12-15,4.0,% of active population,,live,61,False
REGRETTED_TURNOVER_12M,BG,2025-12-31,2025Q4,17,271.5,0.06261510128913444,unemployment_rate,2025-10,2025-10-31,2025-12-15,3.5,% of active population,,live,61,False
REGRETTED_TURNOVER_12M,GR,2021-12-31,2021Q4,5,98.5,0.050761421319796954,unemployment_rate,2021-10,2021-10-31,2021-12-15,13.2,% of active population,,live,61,False
REGRETTED_TURNOVER_12M,GR,2022-12-31,2022Q4,4,157.5,0.025396825396825397,unemployment_rate,2022-10,2022-10-31,2022-12-15,11.8,% of active population,,live,61,False
REGRETTED_TURNOVER_12M,GR,2023-12-31,2023Q4,1,205.0,0.004878048780487805,unemployment_rate,2023-10,2023-10-31,2023-12-15,10.8,% of active population,,live,61,False
REGRETTED_TURNOVER_12M,GR,2024-12-31,2024Q4,10,250.5,0.03992015968063872,unemployment_rate,2024-10,2024-10-31,2024-12-15,9.7,% of active population,,live,61,False
REGRETTED_TURNOVER_12M,GR,2025-12-31,2025Q4,8,283.0,0.028268551236749116,unemployment_rate,2025-10,2025-10-31,2025-12-15,8.9,% of active population,,live,61,False
REGRETTED_TURNOVER_12M,IE,2021-12-31,2021Q4,2,79.0,0.02531645569620253,unemployment_rate,2021-10,2021-10-31,2021-12-15,5.3,% of active population,,live,61,False
REGRETTED_TURNOVER_12M,IE,2022-12-31,2022Q4,4,121.5,0.03292181069958848,unemployment_rate,2022-10,2022-10-31,2022-12-15,4.5,% of active population,,live,61,False
REGRETTED_TURNOVER_12M,IE,2023-12-31,2023Q4,8,162.5,0.04923076923076923,unemployment_rate,2023-10,2023-10-31,2023-12-15,4.6,% of active population,,live,61,False
REGRETTED_TURNOVER_12M,IE,2024-12-31,2024Q4,6,201.5,0.02977667493796526,unemployment_rate,2024-10,2024-10-31,2024-12-15,4.3,% of active population,,live,61,False
REGRETTED_TURNOVER_12M,IE,2025-12-31,2025Q4,15,231.0,0.06493506493506493,unemployment_rate,2025-10,2025-10-31,2025-12-15,4.7,% of active population,,live,61,False
REGRETTED_TURNOVER_12M,IT,2021-12-31,2021Q4,5,100.5,0.04975124378109453,unemployment_rate,2021-10,2021-10-31,2021-12-15,9.1,% of active population,,live,61,False
REGRETTED_TURNOVER_12M,IT,2022-12-31,2022Q4,3,158.0,0.0189873417721519,unemployment_rate,2022-10,2022-10-31,2022-12-15,7.8,% of active population,,live,61,False
REGRETTED_TURNOVER_12M,IT,2023-12-31,2023Q4,9,212.5,0.042352941176470586,unemployment_rate,2023-10,2023-10-31,2023-12-15,7.7,% of active population,,live,61,False
REGRETTED_TURNOVER_12M,IT,2024-12-31,2024Q4,12,252.5,0.047524752475247525,unemployment_rate,2024-10,2024-10-31,2024-12-15,6.1,% of active population,,live,61,False
REGRETTED_TURNOVER_12M,IT,2025-12-31,2025Q4,14,275.0,0.05090909090909091,unemployment_rate,2025-10,2025-10-31,2025-12-15,5.8,% of active population,,live,61,False
REGRETTED_TURNOVER_12M,PL,2021-12-31,2021Q4,4,92.0,0.043478260869565216,unemployment_rate,2021-10,2021-10-31,2021-12-15,3.0,% of active population,,live,61,False
REGRETTED_TURNOVER_12M,PL,2022-12-31,2022Q4,6,151.5,0.039603960396039604,unemployment_rate,2022-10,2022-10-31,2022-12-15,3.0,% of active population,,live,61,False
REGRETTED_TURNOVER_12M,PL,2023-12-31,2023Q4,6,198.0,0.030303030303030304,unemployment_rate,2023-10,2023-10-31,2023-12-15,3.0,% of active population,,live,61,False
REGRETTED_TURNOVER_12M,PL,2024-12-31,2024Q4,5,236.5,0.021141649048625793,unemployment_rate,2024-10,2024-10-31,2024-12-15,2.8,% of active population,,live,61,False
REGRETTED_TURNOVER_12M,PL,2025-12-31,2025Q4,9,264.0,0.03409090909090909,unemployment_rate,2025-10,2025-10-31,2025-12-15,3.3,% of active population,,live,61,False
REGRETTED_TURNOVER_12M,RO,2021-12-31,2021Q4,5,74.5,0.06711409395973154,unemployment_rate,2021-10,2021-10-31,2021-12-15,5.7,% of active population,,live,61,False
REGRETTED_TURNOVER_12M,RO,2022-12-31,2022Q4,8,118.0,0.06779661016949153,unemployment_rate,2022-10,2022-10-31,2022-12-15,5.5,% of active population,,live,61,False
REGRETTED_TURNOVER_12M,RO,2023-12-31,2023Q4,9,159.5,0.05642633228840126,unemployment_rate,2023-10,2023-10-31,2023-12-15,5.5,% of active population,,live,61,False
REGRETTED_TURNOVER_12M,RO,2024-12-31,2024Q4,4,212.5,0.018823529411764704,unemployment_rate,2024-10,2024-10-31,2024-12-15,5.7,% of active population,,live,61,False
REGRETTED_TURNOVER_12M,RO,2025-12-31,2025Q4,17,245.5,0.06924643584521385,unemployment_rate,2025-10,2025-10-31,2025-12-15,6.1,% of active population,,live,61,False
REGRETTED_TURNOVER_12M,BG,2021-12-31,2021Q4,2,90.5,0.022099447513812154,job_vacancy_rate,2021-Q3,2021-09-30,2021-12-29,0.8,% of posts,,live,92,False
REGRETTED_TURNOVER_12M,BG,2022-12-31,2022Q4,7,142.5,0.04912280701754386,job_vacancy_rate,2022-Q3,2022-09-30,2022-12-29,0.8,% of posts,,live,92,False
REGRETTED_TURNOVER_12M,BG,2023-12-31,2023Q4,5,185.5,0.026954177897574125,job_vacancy_rate,2023-Q3,2023-09-30,2023-12-29,0.8,% of posts,p,live,92,False
REGRETTED_TURNOVER_12M,BG,2024-12-31,2024Q4,8,236.5,0.03382663847780127,job_vacancy_rate,2024-Q3,2024-09-30,2024-12-29,0.8,% of posts,p,live,92,False
REGRETTED_TURNOVER_12M,BG,2025-12-31,2025Q4,17,271.5,0.06261510128913444,job_vacancy_rate,2025-Q3,2025-09-30,2025-12-29,0.8,% of posts,p,live,92,False
REGRETTED_TURNOVER_12M,GR,2021-12-31,2021Q4,5,98.5,0.050761421319796954,job_vacancy_rate,2021-Q3,2021-09-30,2021-12-29,0.7,% of posts,,live,92,False
REGRETTED_TURNOVER_12M,GR,2022-12-31,2022Q4,4,157.5,0.025396825396825397,job_vacancy_rate,2022-Q3,2022-09-30,2022-12-29,1.1,% of posts,,live,92,False
REGRETTED_TURNOVER_12M,GR,2023-12-31,2023Q4,1,205.0,0.004878048780487805,job_vacancy_rate,2023-Q3,2023-09-30,2023-12-29,1.6,% of posts,,live,92,False
REGRETTED_TURNOVER_12M,GR,2024-12-31,2024Q4,10,250.5,0.03992015968063872,job_vacancy_rate,2024-Q3,2024-09-30,2024-12-29,2.1,% of posts,,live,92,False
REGRETTED_TURNOVER_12M,GR,2025-12-31,2025Q4,8,283.0,0.028268551236749116,job_vacancy_rate,2025-Q3,2025-09-30,2025-12-29,1.8,% of posts,,live,92,False
REGRETTED_TURNOVER_12M,IE,2021-12-31,2021Q4,2,79.0,0.02531645569620253,job_vacancy_rate,2021-Q3,2021-09-30,2021-12-29,1.5,% of posts,,live,92,False
REGRETTED_TURNOVER_12M,IE,2022-12-31,2022Q4,4,121.5,0.03292181069958848,job_vacancy_rate,2022-Q3,2022-09-30,2022-12-29,1.6,% of posts,,live,92,False
REGRETTED_TURNOVER_12M,IE,2023-12-31,2023Q4,8,162.5,0.04923076923076923,job_vacancy_rate,2023-Q3,2023-09-30,2023-12-29,1.2,% of posts,,live,92,False
REGRETTED_TURNOVER_12M,IE,2024-12-31,2024Q4,6,201.5,0.02977667493796526,job_vacancy_rate,2024-Q3,2024-09-30,2024-12-29,1.2,% of posts,,live,92,False
REGRETTED_TURNOVER_12M,IE,2025-12-31,2025Q4,15,231.0,0.06493506493506493,job_vacancy_rate,2025-Q3,2025-09-30,2025-12-29,1.4,% of posts,,live,92,False
REGRETTED_TURNOVER_12M,IT,2021-12-31,2021Q4,5,100.5,0.04975124378109453,job_vacancy_rate,2021-Q3,2021-09-30,2021-12-29,1.9,% of posts,,live,92,False
REGRETTED_TURNOVER_12M,IT,2022-12-31,2022Q4,3,158.0,0.0189873417721519,job_vacancy_rate,2022-Q3,2022-09-30,2022-12-29,2.1,% of posts,,live,92,False
REGRETTED_TURNOVER_12M,IT,2023-12-31,2023Q4,9,212.5,0.042352941176470586,job_vacancy_rate,2023-Q3,2023-09-30,2023-12-29,2.1,% of posts,,live,92,False
REGRETTED_TURNOVER_12M,IT,2024-12-31,2024Q4,12,252.5,0.047524752475247525,job_vacancy_rate,2024-Q3,2024-09-30,2024-12-29,1.9,% of posts,,live,92,False
REGRETTED_TURNOVER_12M,IT,2025-12-31,2025Q4,14,275.0,0.05090909090909091,job_vacancy_rate,2025-Q3,2025-09-30,2025-12-29,1.7,% of posts,,live,92,False
REGRETTED_TURNOVER_12M,PL,2021-12-31,2021Q4,4,92.0,0.043478260869565216,job_vacancy_rate,2021-Q3,2021-09-30,2021-12-29,1.2,% of posts,,live,92,False
REGRETTED_TURNOVER_12M,PL,2022-12-31,2022Q4,6,151.5,0.039603960396039604,job_vacancy_rate,2022-Q3,2022-09-30,2022-12-29,1.1,% of posts,,live,92,False
REGRETTED_TURNOVER_12M,PL,2023-12-31,2023Q4,6,198.0,0.030303030303030304,job_vacancy_rate,2023-Q3,2023-09-30,2023-12-29,0.9,% of posts,,live,92,False
REGRETTED_TURNOVER_12M,PL,2024-12-31,2024Q4,5,236.5,0.021141649048625793,job_vacancy_rate,2024-Q3,2024-09-30,2024-12-29,0.9,% of posts,,live,92,False
REGRETTED_TURNOVER_12M,PL,2025-12-31,2025Q4,9,264.0,0.03409090909090909,job_vacancy_rate,2025-Q3,2025-09-30,2025-12-29,0.8,% of posts,,live,92,False
REGRETTED_TURNOVER_12M,RO,2021-12-31,2021Q4,5,74.5,0.06711409395973154,job_vacancy_rate,2021-Q3,2021-09-30,2021-12-29,1.0,% of posts,,live,92,False
REGRETTED_TURNOVER_12M,RO,2022-12-31,2022Q4,8,118.0,0.06779661016949153,job_vacancy_rate,2022-Q3,2022-09-30,2022-12-29,0.9,% of posts,,live,92,False
REGRETTED_TURNOVER_12M,RO,2023-12-31,2023Q4,9,159.5,0.05642633228840126,job_vacancy_rate,2023-Q3,2023-09-30,2023-12-29,0.8,% of posts,,live,92,False
REGRETTED_TURNOVER_12M,RO,2024-12-31,2024Q4,4,212.5,0.018823529411764704,job_vacancy_rate,2024-Q3,2024-09-30,2024-12-29,0.8,% of posts,,live,92,False
REGRETTED_TURNOVER_12M,RO,2025-12-31,2025Q4,17,245.5,0.06924643584521385,job_vacancy_rate,2025-Q3,2025-09-30,2025-12-29,0.6,% of posts,,live,92,False
REGRETTED_TURNOVER_12M,BG,2021-12-31,2021Q4,2,90.5,0.022099447513812154,hicp_inflation,2021-11,2021-11-30,2021-12-30,6.3,% year on year,,live,31,False
REGRETTED_TURNOVER_12M,BG,2022-12-31,2022Q4,7,142.5,0.04912280701754386,hicp_inflation,2022-11,2022-11-30,2022-12-30,14.3,% year on year,,live,31,False
REGRETTED_TURNOVER_12M,BG,2023-12-31,2023Q4,5,185.5,0.026954177897574125,hicp_inflation,2023-11,2023-11-30,2023-12-30,5.5,% year on year,,live,31,False
REGRETTED_TURNOVER_12M,BG,2024-12-31,2024Q4,8,236.5,0.03382663847780127,hicp_inflation,2024-11,2024-11-30,2024-12-30,2.0,% year on year,,live,31,False
REGRETTED_TURNOVER_12M,BG,2025-12-31,2025Q4,17,271.5,0.06261510128913444,hicp_inflation,2025-11,2025-11-30,2025-12-30,3.7,% year on year,,live,31,False
REGRETTED_TURNOVER_12M,GR,2021-12-31,2021Q4,5,98.5,0.050761421319796954,hicp_inflation,2021-11,2021-11-30,2021-12-30,4.0,% year on year,,live,31,False
REGRETTED_TURNOVER_12M,GR,2022-12-31,2022Q4,4,157.5,0.025396825396825397,hicp_inflation,2022-11,2022-11-30,2022-12-30,8.8,% year on year,,live,31,False
REGRETTED_TURNOVER_12M,GR,2023-12-31,2023Q4,1,205.0,0.004878048780487805,hicp_inflation,2023-11,2023-11-30,2023-12-30,2.9,% year on year,,live,31,False
REGRETTED_TURNOVER_12M,GR,2024-12-31,2024Q4,10,250.5,0.03992015968063872,hicp_inflation,2024-11,2024-11-30,2024-12-30,3.0,% year on year,,live,31,False
REGRETTED_TURNOVER_12M,GR,2025-12-31,2025Q4,8,283.0,0.028268551236749116,hicp_inflation,2025-11,2025-11-30,2025-12-30,2.8,% year on year,,live,31,False
REGRETTED_TURNOVER_12M,IE,2021-12-31,2021Q4,2,79.0,0.02531645569620253,hicp_inflation,2021-11,2021-11-30,2021-12-30,5.4,% year on year,,live,31,False
REGRETTED_TURNOVER_12M,IE,2022-12-31,2022Q4,4,121.5,0.03292181069958848,hicp_inflation,2022-11,2022-11-30,2022-12-30,9.0,% year on year,,live,31,False
REGRETTED_TURNOVER_12M,IE,2023-12-31,2023Q4,8,162.5,0.04923076923076923,hicp_inflation,2023-11,2023-11-30,2023-12-30,2.5,% year on year,,live,31,False
REGRETTED_TURNOVER_12M,IE,2024-12-31,2024Q4,6,201.5,0.02977667493796526,hicp_inflation,2024-11,2024-11-30,2024-12-30,0.5,% year on year,,live,31,False
REGRETTED_TURNOVER_12M,IE,2025-12-31,2025Q4,15,231.0,0.06493506493506493,hicp_inflation,2025-11,2025-11-30,2025-12-30,3.1,% year on year,,live,31,False
REGRETTED_TURNOVER_12M,IT,2021-12-31,2021Q4,5,100.5,0.04975124378109453,hicp_inflation,2021-11,2021-11-30,2021-12-30,3.9,% year on year,,live,31,False
REGRETTED_TURNOVER_12M,IT,2022-12-31,2022Q4,3,158.0,0.0189873417721519,hicp_inflation,2022-11,2022-11-30,2022-12-30,12.6,% year on year,,live,31,False
REGRETTED_TURNOVER_12M,IT,2023-12-31,2023Q4,9,212.5,0.042352941176470586,hicp_inflation,2023-11,2023-11-30,2023-12-30,0.6,% year on year,,live,31,False
REGRETTED_TURNOVER_12M,IT,2024-12-31,2024Q4,12,252.5,0.047524752475247525,hicp_inflation,2024-11,2024-11-30,2024-12-30,1.5,% year on year,,live,31,False
REGRETTED_TURNOVER_12M,IT,2025-12-31,2025Q4,14,275.0,0.05090909090909091,hicp_inflation,2025-11,2025-11-30,2025-12-30,1.1,% year on year,,live,31,False
REGRETTED_TURNOVER_12M,PL,2021-12-31,2021Q4,4,92.0,0.043478260869565216,hicp_inflation,2021-11,2021-11-30,2021-12-30,7.4,% year on year,,live,31,False
REGRETTED_TURNOVER_12M,PL,2022-12-31,2022Q4,6,151.5,0.039603960396039604,hicp_inflation,2022-11,2022-11-30,2022-12-30,16.1,% year on year,,live,31,False
REGRETTED_TURNOVER_12M,PL,2023-12-31,2023Q4,6,198.0,0.030303030303030304,hicp_inflation,2023-11,2023-11-30,2023-12-30,6.3,% year on year,,live,31,False
REGRETTED_TURNOVER_12M,PL,2024-12-31,2024Q4,5,236.5,0.021141649048625793,hicp_inflation,2024-11,2024-11-30,2024-12-30,3.9,% year on year,,live,31,False
REGRETTED_TURNOVER_12M,PL,2025-12-31,2025Q4,9,264.0,0.03409090909090909,hicp_inflation,2025-11,2025-11-30,2025-12-30,2.6,% year on year,,live,31,False
REGRETTED_TURNOVER_12M,RO,2021-12-31,2021Q4,5,74.5,0.06711409395973154,hicp_inflation,2021-11,2021-11-30,2021-12-30,6.7,% year on year,,live,31,False
REGRETTED_TURNOVER_12M,RO,2022-12-31,2022Q4,8,118.0,0.06779661016949153,hicp_inflation,2022-11,2022-11-30,2022-12-30,14.6,% year on year,,live,31,False
REGRETTED_TURNOVER_12M,RO,2023-12-31,2023Q4,9,159.5,0.05642633228840126,hicp_inflation,2023-11,2023-11-30,2023-12-30,6.9,% year on year,,live,31,False
REGRETTED_TURNOVER_12M,RO,2024-12-31,2024Q4,4,212.5,0.018823529411764704,hicp_inflation,2024-11,2024-11-30,2024-12-30,5.4,% year on year,,live,31,False
REGRETTED_TURNOVER_12M,RO,2025-12-31,2025Q4,17,245.5,0.06924643584521385,hicp_inflation,2025-11,2025-11-30,2025-12-30,8.6,% year on year,,live,31,False
REGRETTED_TURNOVER_12M,BG,2021-12-31,2021Q4,2,90.5,0.022099447513812154,gdp_growth,2020,2020-12-31,2021-10-27,-3.13323543125917,% annual,,live,365,False
REGRETTED_TURNOVER_12M,BG,2022-12-31,2022Q4,7,142.5,0.04912280701754386,gdp_growth,2021,2021-12-31,2022-10-27,7.82817310703665,% annual,,live,365,False
REGRETTED_TURNOVER_12M,BG,2023-12-31,2023Q4,5,185.5,0.026954177897574125,gdp_growth,2022,2022-12-31,2023-10-27,4.08386398118941,% annual,,live,365,False
REGRETTED_TURNOVER_12M,BG,2024-12-31,2024Q4,8,236.5,0.03382663847780127,gdp_growth,2023,2023-12-31,2024-10-26,1.68151075832925,% annual,,live,366,False
REGRETTED_TURNOVER_12M,BG,2025-12-31,2025Q4,17,271.5,0.06261510128913444,gdp_growth,2024,2024-12-31,2025-10-27,3.38708962009333,% annual,,live,365,False
REGRETTED_TURNOVER_12M,GR,2021-12-31,2021Q4,5,98.5,0.050761421319796954,gdp_growth,2020,2020-12-31,2021-10-27,-9.19623149726978,% annual,,live,365,False
REGRETTED_TURNOVER_12M,GR,2022-12-31,2022Q4,4,157.5,0.025396825396825397,gdp_growth,2021,2021-12-31,2022-10-27,8.65449786002131,% annual,,live,365,False
REGRETTED_TURNOVER_12M,GR,2023-12-31,2023Q4,1,205.0,0.004878048780487805,gdp_growth,2022,2022-12-31,2023-10-27,5.52198580589408,% annual,,live,365,False
REGRETTED_TURNOVER_12M,GR,2024-12-31,2024Q4,10,250.5,0.03992015968063872,gdp_growth,2023,2023-12-31,2024-10-26,2.13591131996631,% annual,,live,366,False
REGRETTED_TURNOVER_12M,GR,2025-12-31,2025Q4,8,283.0,0.028268551236749116,gdp_growth,2024,2024-12-31,2025-10-27,2.0865743380603,% annual,,live,365,False
REGRETTED_TURNOVER_12M,IE,2021-12-31,2021Q4,2,79.0,0.02531645569620253,gdp_growth,2020,2020-12-31,2021-10-27,7.15369505735335,% annual,,live,365,False
REGRETTED_TURNOVER_12M,IE,2022-12-31,2022Q4,4,121.5,0.03292181069958848,gdp_growth,2021,2021-12-31,2022-10-27,16.2581881158197,% annual,,live,365,False
REGRETTED_TURNOVER_12M,IE,2023-12-31,2023Q4,8,162.5,0.04923076923076923,gdp_growth,2022,2022-12-31,2023-10-27,7.51113888415304,% annual,,live,365,False
REGRETTED_TURNOVER_12M,IE,2024-12-31,2024Q4,6,201.5,0.02977667493796526,gdp_growth,2023,2023-12-31,2024-10-26,-2.53637409313261,% annual,,live,366,False
REGRETTED_TURNOVER_12M,IE,2025-12-31,2025Q4,15,231.0,0.06493506493506493,gdp_growth,2024,2024-12-31,2025-10-27,2.59946721553708,% annual,,live,365,False
REGRETTED_TURNOVER_12M,IT,2021-12-31,2021Q4,5,100.5,0.04975124378109453,gdp_growth,2020,2020-12-31,2021-10-27,-8.86822122185345,% annual,,live,365,False
REGRETTED_TURNOVER_12M,IT,2022-12-31,2022Q4,3,158.0,0.0189873417721519,gdp_growth,2021,2021-12-31,2022-10-27,8.93106210800055,% annual,,live,365,False
REGRETTED_TURNOVER_12M,IT,2023-12-31,2023Q4,9,212.5,0.042352941176470586,gdp_growth,2022,2022-12-31,2023-10-27,4.82117669913565,% annual,,live,365,False
REGRETTED_TURNOVER_12M,IT,2024-12-31,2024Q4,12,252.5,0.047524752475247525,gdp_growth,2023,2023-12-31,2024-10-26,0.922796543670316,% annual,,live,366,False
REGRETTED_TURNOVER_12M,IT,2025-12-31,2025Q4,14,275.0,0.05090909090909091,gdp_growth,2024,2024-12-31,2025-10-27,0.783039135276795,% annual,,live,365,False
REGRETTED_TURNOVER_12M,PL,2021-12-31,2021Q4,4,92.0,0.043478260869565216,gdp_growth,2020,2020-12-31,2021-10-27,-2.03556882399977,% annual,,live,365,False
REGRETTED_TURNOVER_12M,PL,2022-12-31,2022Q4,6,151.5,0.039603960396039604,gdp_growth,2021,2021-12-31,2022-10-27,6.92718266052501,% annual,,live,365,False
REGRETTED_TURNOVER_12M,PL,2023-12-31,2023Q4,6,198.0,0.030303030303030304,gdp_growth,2022,2022-12-31,2023-10-27,5.25545697386036,% annual,,live,365,False
REGRETTED_TURNOVER_12M,PL,2024-12-31,2024Q4,5,236.5,0.021141649048625793,gdp_growth,2023,2023-12-31,2024-10-26,0.249610834017872,% annual,,live,366,False
REGRETTED_TURNOVER_12M,PL,2025-12-31,2025Q4,9,264.0,0.03409090909090909,gdp_growth,2024,2024-12-31,2025-10-27,3.02841630700273,% annual,,live,365,False
REGRETTED_TURNOVER_12M,RO,2021-12-31,2021Q4,5,74.5,0.06711409395973154,gdp_growth,2020,2020-12-31,2021-10-27,-3.59802546034757,% annual,,live,365,False
REGRETTED_TURNOVER_12M,RO,2022-12-31,2022Q4,8,118.0,0.06779661016949153,gdp_growth,2021,2021-12-31,2022-10-27,5.58735072538869,% annual,,live,365,False
REGRETTED_TURNOVER_12M,RO,2023-12-31,2023Q4,9,159.5,0.05642633228840126,gdp_growth,2022,2022-12-31,2023-10-27,4.18771305104109,% annual,,live,365,False
REGRETTED_TURNOVER_12M,RO,2024-12-31,2024Q4,4,212.5,0.018823529411764704,gdp_growth,2023,2023-12-31,2024-10-26,2.25773416555121,% annual,,live,366,False
REGRETTED_TURNOVER_12M,RO,2025-12-31,2025Q4,17,245.5,0.06924643584521385,gdp_growth,2024,2024-12-31,2025-10-27,0.916003764382594,% annual,,live,365,False
REGRETTED_TURNOVER_12M,BG,2021-12-31,2021Q4,2,90.5,0.022099447513812154,labour_force_participation,2020,2020-12-31,2021-12-31,55.878,% of population 15+,,live,365,False
REGRETTED_TURNOVER_12M,BG,2022-12-31,2022Q4,7,142.5,0.04912280701754386,labour_force_participation,2021,2021-12-31,2022-12-31,55.392,% of population 15+,,live,365,False
REGRETTED_TURNOVER_12M,BG,2023-12-31,2023Q4,5,185.5,0.026954177897574125,labour_force_participation,2022,2022-12-31,2023-12-31,56.735,% of population 15+,,live,365,False
REGRETTED_TURNOVER_12M,BG,2024-12-31,2024Q4,8,236.5,0.03382663847780127,labour_force_participation,2023,2023-12-31,2024-12-30,56.896,% of population 15+,,live,366,False
REGRETTED_TURNOVER_12M,BG,2025-12-31,2025Q4,17,271.5,0.06261510128913444,labour_force_participation,2024,2024-12-31,2025-12-31,56.275,% of population 15+,,live,365,False
REGRETTED_TURNOVER_12M,GR,2021-12-31,2021Q4,5,98.5,0.050761421319796954,labour_force_participation,2020,2020-12-31,2021-12-31,50.055,% of population 15+,,live,365,False
REGRETTED_TURNOVER_12M,GR,2022-12-31,2022Q4,4,157.5,0.025396825396825397,labour_force_participation,2021,2021-12-31,2022-12-31,50.33,% of population 15+,,live,365,False
REGRETTED_TURNOVER_12M,GR,2023-12-31,2023Q4,1,205.0,0.004878048780487805,labour_force_participation,2022,2022-12-31,2023-12-31,51.826,% of population 15+,,live,365,False
REGRETTED_TURNOVER_12M,GR,2024-12-31,2024Q4,10,250.5,0.03992015968063872,labour_force_participation,2023,2023-12-31,2024-12-30,51.801,% of population 15+,,live,366,False
REGRETTED_TURNOVER_12M,GR,2025-12-31,2025Q4,8,283.0,0.028268551236749116,labour_force_participation,2024,2024-12-31,2025-12-31,52.333,% of population 15+,,live,365,False
REGRETTED_TURNOVER_12M,IE,2021-12-31,2021Q4,2,79.0,0.02531645569620253,labour_force_participation,2020,2020-12-31,2021-12-31,61.09,% of population 15+,,live,365,False
REGRETTED_TURNOVER_12M,IE,2022-12-31,2022Q4,4,121.5,0.03292181069958848,labour_force_participation,2021,2021-12-31,2022-12-31,63.546,% of population 15+,,live,365,False
REGRETTED_TURNOVER_12M,IE,2023-12-31,2023Q4,8,162.5,0.04923076923076923,labour_force_participation,2022,2022-12-31,2023-12-31,64.444,% of population 15+,,live,365,False
REGRETTED_TURNOVER_12M,IE,2024-12-31,2024Q4,6,201.5,0.02977667493796526,labour_force_participation,2023,2023-12-31,2024-12-30,66.184,% of population 15+,,live,366,False
REGRETTED_TURNOVER_12M,IE,2025-12-31,2025Q4,15,231.0,0.06493506493506493,labour_force_participation,2024,2024-12-31,2025-12-31,65.014,% of population 15+,,live,365,False
REGRETTED_TURNOVER_12M,IT,2021-12-31,2021Q4,5,100.5,0.04975124378109453,labour_force_participation,2020,2020-12-31,2021-12-31,48.218,% of population 15+,,live,365,False
REGRETTED_TURNOVER_12M,IT,2022-12-31,2022Q4,3,158.0,0.0189873417721519,labour_force_participation,2021,2021-12-31,2022-12-31,48.443,% of population 15+,,live,365,False
REGRETTED_TURNOVER_12M,IT,2023-12-31,2023Q4,9,212.5,0.042352941176470586,labour_force_participation,2022,2022-12-31,2023-12-31,49.034,% of population 15+,,live,365,False
REGRETTED_TURNOVER_12M,IT,2024-12-31,2024Q4,12,252.5,0.047524752475247525,labour_force_participation,2023,2023-12-31,2024-12-30,49.8,% of population 15+,,live,366,False
REGRETTED_TURNOVER_12M,IT,2025-12-31,2025Q4,14,275.0,0.05090909090909091,labour_force_participation,2024,2024-12-31,2025-12-31,49.588,% of population 15+,,live,365,False
REGRETTED_TURNOVER_12M,PL,2021-12-31,2021Q4,4,92.0,0.043478260869565216,labour_force_participation,2020,2020-12-31,2021-12-31,57.397,% of population 15+,,live,365,False
REGRETTED_TURNOVER_12M,PL,2022-12-31,2022Q4,6,151.5,0.039603960396039604,labour_force_participation,2021,2021-12-31,2022-12-31,58.698,% of population 15+,,live,365,False
REGRETTED_TURNOVER_12M,PL,2023-12-31,2023Q4,6,198.0,0.030303030303030304,labour_force_participation,2022,2022-12-31,2023-12-31,58.946,% of population 15+,,live,365,False
REGRETTED_TURNOVER_12M,PL,2024-12-31,2024Q4,5,236.5,0.021141649048625793,labour_force_participation,2023,2023-12-31,2024-12-30,59.23,% of population 15+,,live,366,False
REGRETTED_TURNOVER_12M,PL,2025-12-31,2025Q4,9,264.0,0.03409090909090909,labour_force_participation,2024,2024-12-31,2025-12-31,58.656,% of population 15+,,live,365,False
REGRETTED_TURNOVER_12M,RO,2021-12-31,2021Q4,5,74.5,0.06711409395973154,labour_force_participation,2020,2020-12-31,2021-12-31,51.998,% of population 15+,,live,365,False
REGRETTED_TURNOVER_12M,RO,2022-12-31,2022Q4,8,118.0,0.06779661016949153,labour_force_participation,2021,2021-12-31,2022-12-31,52.467,% of population 15+,,live,365,False
REGRETTED_TURNOVER_12M,RO,2023-12-31,2023Q4,9,159.5,0.05642633228840126,labour_force_participation,2022,2022-12-31,2023-12-31,52.637,% of population 15+,,live,365,False
REGRETTED_TURNOVER_12M,RO,2024-12-31,2024Q4,4,212.5,0.018823529411764704,labour_force_participation,2023,2023-12-31,2024-12-30,51.739,% of population 15+,,live,366,False
REGRETTED_TURNOVER_12M,RO,2025-12-31,2025Q4,17,245.5,0.06924643584521385,labour_force_participation,2024,2024-12-31,2025-12-31,51.461,% of population 15+,,live,365,False
