objective_id,indicator_id,scope,method,n,r,ci_lower,ci_upper,p_value,p_bonferroni,insufficient_n,note,caveat
SENIOR_HIRE_12M,ALL,ALL,ALL,0,,,,,,True,"SENIOR_HIRE_12M association analysis skipped: cohorts are 2-3 employees per country-quarter, well below the minimum of 8 pairs required for any correlation. This is an explicit non-finding, not a data gap.","Observational data only. Correlation does not imply causation. Confounders (sector mix, company growth phase, local labour law) are not controlled for. Repeated country-quarter measures inflate effective sample size."
NEW_HIRE_6M,unemployment_rate,ALL,pearson,108,-0.03722117911622504,-0.22461521656655625,0.15282772897803296,0.702131034398802,1.0,False,,"Observational data only. Correlation does not imply causation. Confounders (sector mix, company growth phase, local labour law) are not controlled for. Repeated country-quarter measures inflate effective sample size."
NEW_HIRE_6M,unemployment_rate,ALL,spearman,108,-0.051854227991891086,,,0.5940521597689087,1.0,False,,"Observational data only. Correlation does not imply causation. Confounders (sector mix, company growth phase, local labour law) are not controlled for. Repeated country-quarter measures inflate effective sample size."
NEW_HIRE_6M,unemployment_rate,ALL,pearson_within_country,108,-0.059449615610135585,-0.24566366811796977,0.13099599285000224,0.5488577968100744,1.0,False,demeaned by country; df=102,"Observational data only. Correlation does not imply causation. Confounders (sector mix, company growth phase, local labour law) are not controlled for. Repeated country-quarter measures inflate effective sample size."
NEW_HIRE_6M,job_vacancy_rate,ALL,pearson,108,0.18570096665182048,-0.0033920113670714656,0.3619723434527591,0.05433245265630057,1.0,False,,"Observational data only. Correlation does not imply causation. Confounders (sector mix, company growth phase, local labour law) are not controlled for. Repeated country-quarter measures inflate effective sample size."
NEW_HIRE_6M,job_vacancy_rate,ALL,spearman,108,0.16278956061590966,,,0.09231288117985455,1.0,False,,"Observational data only. Correlation does not imply causation. Confounders (sector mix, company growth phase, local labour law) are not controlled for. Repeated country-quarter measures inflate effective sample size."
NEW_HIRE_6M,job_vacancy_rate,ALL,pearson_within_country,108,0.179881978799828,-0.009411903471272853,0.35672961008333204,0.0676686683277803,1.0,False,demeaned by country; df=102,"Observational data only. Correlation does not imply causation. Confounders (sector mix, company growth phase, local labour law) are not controlled for. Repeated country-quarter measures inflate effective sample size."
NEW_HIRE_6M,hicp_inflation,ALL,pearson,108,0.08447288418625731,-0.10619628902882434,0.2691503339363753,0.3847334282041743,1.0,False,,"Observational data only. Correlation does not imply causation. Confounders (sector mix, company growth phase, local labour law) are not controlled for. Repeated country-quarter measures inflate effective sample size."
NEW_HIRE_6M,hicp_inflation,ALL,spearman,108,0.1533468277180278,,,0.11308680772924425,1.0,False,,"Observational data only. Correlation does not imply causation. Confounders (sector mix, company growth phase, local labour law) are not controlled for. Repeated country-quarter measures inflate effective sample size."
NEW_HIRE_6M,hicp_inflation,ALL,pearson_within_country,108,0.07659733517993622,-0.11402713969088211,0.26178201000910484,0.4396183099151295,1.0,False,demeaned by country; df=102,"Observational data only. Correlation does not imply causation. Confounders (sector mix, company growth phase, local labour law) are not controlled for. Repeated country-quarter measures inflate effective sample size."
NEW_HIRE_6M,gdp_growth,ALL,pearson,105,-0.06619453097302531,-0.2546292483087567,0.12708304316805344,0.5022784978677565,1.0,False,,"Observational data only. Correlation does not imply causation. Confounders (sector mix, company growth phase, local labour law) are not controlled for. Repeated country-quarter measures inflate effective sample size."
NEW_HIRE_6M,gdp_growth,ALL,spearman,105,-0.06397574207298609,,,0.5167433149523667,1.0,False,,"Observational data only. Correlation does not imply causation. Confounders (sector mix, company growth phase, local labour law) are not controlled for. Repeated country-quarter measures inflate effective sample size."
NEW_HIRE_6M,gdp_growth,ALL,pearson_within_country,105,-0.03922078498695589,-0.22916335143951239,0.15359910693965723,0.6969746275828886,1.0,False,demeaned by country; df=99,"Observational data only. Correlation does not imply causation. Confounders (sector mix, company growth phase, local labour law) are not controlled for. Repeated country-quarter measures inflate effective sample size."
NEW_HIRE_6M,labour_force_participation,ALL,pearson,108,-0.12540355944020998,-0.3070998490114547,0.0651134426296191,0.19594918058461178,1.0,False,,"Observational data only. Correlation does not imply causation. Confounders (sector mix, company growth phase, local labour law) are not controlled for. Repeated country-quarter measures inflate effective sample size."
NEW_HIRE_6M,labour_force_participation,ALL,spearman,108,-0.14388223257576777,,,0.1373821720813739,1.0,False,,"Observational data only. Correlation does not imply causation. Confounders (sector mix, company growth phase, local labour law) are not controlled for. Repeated country-quarter measures inflate effective sample size."
NEW_HIRE_6M,labour_force_participation,ALL,pearson_within_country,108,-0.10810515320932279,-0.29113155345171493,0.08255531745666343,0.2746832922445649,1.0,False,demeaned by country; df=102,"Observational data only. Correlation does not imply causation. Confounders (sector mix, company growth phase, local labour law) are not controlled for. Repeated country-quarter measures inflate effective sample size."
REGRETTED_TURNOVER_12M,unemployment_rate,ALL,pearson,30,0.059827443473853326,-0.30706014945312776,0.41123295645694363,0.7534862291674468,1.0,False,,"Observational data only. Correlation does not imply causation. Confounders (sector mix, company growth phase, local labour law) are not controlled for. Repeated country-quarter measures inflate effective sample size."
REGRETTED_TURNOVER_12M,unemployment_rate,ALL,spearman,30,0.15372636262513903,,,0.41733458538438034,1.0,False,,"Observational data only. Correlation does not imply causation. Confounders (sector mix, company growth phase, local labour law) are not controlled for. Repeated country-quarter measures inflate effective sample size."
REGRETTED_TURNOVER_12M,unemployment_rate,ALL,pearson_within_country,30,0.026032490707630862,-0.3374011174995577,0.38271236684221993,0.899547557809182,1.0,False,demeaned by country; df=24,"Observational data only. Correlation does not imply causation. Confounders (sector mix, company growth phase, local labour law) are not controlled for. Repeated country-quarter measures inflate effective sample size."
REGRETTED_TURNOVER_12M,job_vacancy_rate,ALL,pearson,30,-0.129124268300338,-0.467639151500478,0.24242231932037436,0.4964750575421188,1.0,False,,"Observational data only. Correlation does not imply causation. Confounders (sector mix, company growth phase, local labour law) are not controlled for. Repeated country-quarter measures inflate effective sample size."
REGRETTED_TURNOVER_12M,job_vacancy_rate,ALL,spearman,30,-0.07143652339712145,,,0.7075652916587671,1.0,False,,"Observational data only. Correlation does not imply causation. Confounders (sector mix, company growth phase, local labour law) are not controlled for. Repeated country-quarter measures inflate effective sample size."
REGRETTED_TURNOVER_12M,job_vacancy_rate,ALL,pearson_within_country,30,-0.022748404183629323,-0.3799041037433496,0.34030984472259623,0.9121684668607202,1.0,False,demeaned by country; df=24,"Observational data only. Correlation does not imply causation. Confounders (sector mix, company growth phase, local labour law) are not controlled for. Repeated country-quarter measures inflate effective sample size."
REGRETTED_TURNOVER_12M,hicp_inflation,ALL,pearson,30,-0.07231408027487943,-0.4215995644155463,0.2956577776552916,0.7041322826306156,1.0,False,,"Observational data only. Correlation does not imply causation. Confounders (sector mix, company growth phase, local labour law) are not controlled for. Repeated country-quarter measures inflate effective sample size."
REGRETTED_TURNOVER_12M,hicp_inflation,ALL,spearman,30,0.0015574591263356758,,,0.993482900316354,1.0,False,,"Observational data only. Correlation does not imply causation. Confounders (sector mix, company growth phase, local labour law) are not controlled for. Repeated country-quarter measures inflate effective sample size."
REGRETTED_TURNOVER_12M,hicp_inflation,ALL,pearson_within_country,30,0.09677885359134822,-0.27300922956712964,0.4416493351068006,0.638130604090092,1.0,False,demeaned by country; df=24,"Observational data only. Correlation does not imply causation. Confounders (sector mix, company growth phase, local labour law) are not controlled for. Repeated country-quarter measures inflate effective sample size."
REGRETTED_TURNOVER_12M,gdp_growth,ALL,pearson,30,0.30908454111044437,-0.0575984826045061,0.602286918576087,0.09651882940931802,1.0,False,,"Observational data only. Correlation does not imply causation. Confounders (sector mix, company growth phase, local labour law) are not controlled for. Repeated country-quarter measures inflate effective sample size."
REGRETTED_TURNOVER_12M,gdp_growth,ALL,spearman,30,0.33756120105849496,,,0.06810611662926183,1.0,False,,"Observational data only. Correlation does not imply causation. Confounders (sector mix, company growth phase, local labour law) are not controlled for. Repeated country-quarter measures inflate effective sample size."
REGRETTED_TURNOVER_12M,gdp_growth,ALL,pearson_within_country,30,0.06592104766962853,-0.30150880541446373,0.4163033469478678,0.7490065912906084,1.0,False,demeaned by country; df=24,"Observational data only. Correlation does not imply causation. Confounders (sector mix, company growth phase, local labour law) are not controlled for. Repeated country-quarter measures inflate effective sample size."
REGRETTED_TURNOVER_12M,labour_force_participation,ALL,pearson,30,0.282797319172297,-0.08626038491201682,0.5836068279136057,0.12996733749773012,1.0,False,,"Observational data only. Correlation does not imply causation. Confounders (sector mix, company growth phase, local labour law) are not controlled for. Repeated country-quarter measures inflate effective sample size."
REGRETTED_TURNOVER_12M,labour_force_participation,ALL,spearman,30,0.2422691879866518,,,0.19708696405477033,1.0,False,,"Observational data only. Correlation does not imply causation. Confounders (sector mix, company growth phase, local labour law) are not controlled for. Repeated country-quarter measures inflate effective sample size."
REGRETTED_TURNOVER_12M,labour_force_participation,ALL,pearson_within_country,30,0.14342519885894256,-0.22865923149439596,0.47894645133999453,0.48455994386722306,1.0,False,demeaned by country; df=24,"Observational data only. Correlation does not imply causation. Confounders (sector mix, company growth phase, local labour law) are not controlled for. Repeated country-quarter measures inflate effective sample size."
