indicator_id,provider,frequency,geo,observations,first_period,last_period,provisional_or_flagged
unemployment_rate,eurostat,M,GR,91,2019-01,2026-07,0
unemployment_rate,eurostat,M,RO,91,2019-01,2026-07,0
unemployment_rate,eurostat,M,PL,91,2019-01,2026-07,0
unemployment_rate,eurostat,M,IT,91,2019-01,2026-07,0
unemployment_rate,eurostat,M,IE,92,2019-01,2026-08,0
unemployment_rate,eurostat,M,BG,91,2019-01,2026-07,0
job_vacancy_rate,eurostat,Q,GR,28,2019-Q1,2025-Q4,0
job_vacancy_rate,eurostat,Q,RO,28,2019-Q1,2025-Q4,0
job_vacancy_rate,eurostat,Q,PL,28,2019-Q1,2025-Q4,0
job_vacancy_rate,eurostat,Q,IT,28,2019-Q1,2025-Q4,1
job_vacancy_rate,eurostat,Q,IE,28,2019-Q1,2025-Q4,1
job_vacancy_rate,eurostat,Q,BG,28,2019-Q1,2025-Q4,12
hicp_inflation,eurostat,M,GR,84,2019-01,2025-12,0
hicp_inflation,eurostat,M,RO,84,2019-01,2025-12,0
hicp_inflation,eurostat,M,PL,84,2019-01,2025-12,0
hicp_inflation,eurostat,M,IT,84,2019-01,2025-12,0
hicp_inflation,eurostat,M,IE,84,2019-01,2025-12,0
hicp_inflation,eurostat,M,BG,84,2019-01,2025-12,0
gdp_growth,worldbank,A,GR,7,2019,2025,0
gdp_growth,worldbank,A,RO,7,2019,2025,0
gdp_growth,worldbank,A,PL,7,2019,2025,0
gdp_growth,worldbank,A,IT,7,2019,2025,0
gdp_growth,worldbank,A,IE,7,2019,2025,0
gdp_growth,worldbank,A,BG,7,2019,2025,0
labour_force_participation,worldbank,A,GR,7,2019,2025,0
labour_force_participation,worldbank,A,RO,7,2019,2025,0
labour_force_participation,worldbank,A,PL,7,2019,2025,0
labour_force_participation,worldbank,A,IT,7,2019,2025,0
labour_force_participation,worldbank,A,IE,7,2019,2025,0
labour_force_participation,worldbank,A,BG,7,2019,2025,0
