objective_id,country_code,business_unit,numerator,denominator,value,target_value,direction,meets_target,immature,unknown_regret
NEW_HIRE_6M,ALL,ALL,1575.0,1808.0,0.8711283185840708,0.86,at_least,True,161,0
NEW_HIRE_6M,ALL,Digital,380.0,436.0,0.8715596330275229,0.86,at_least,True,55,0
NEW_HIRE_6M,ALL,Finance,407.0,461.0,0.8828633405639913,0.86,at_least,True,44,0
NEW_HIRE_6M,ALL,Sales,378.0,441.0,0.8571428571428571,0.86,at_least,False,33,0
NEW_HIRE_6M,ALL,Supply Chain,410.0,470.0,0.8723404255319149,0.86,at_least,True,29,0
NEW_HIRE_6M,BG,ALL,279.0,321.0,0.8691588785046729,0.86,at_least,True,29,0
NEW_HIRE_6M,BG,Digital,68.0,82.0,0.8292682926829268,0.86,at_least,False,8,0
NEW_HIRE_6M,BG,Finance,64.0,71.0,0.9014084507042254,0.86,at_least,True,9,0
NEW_HIRE_6M,BG,Sales,70.0,79.0,0.8860759493670886,0.86,at_least,True,7,0
NEW_HIRE_6M,BG,Supply Chain,77.0,89.0,0.8651685393258427,0.86,at_least,True,5,0
NEW_HIRE_6M,GR,ALL,265.0,300.0,0.8833333333333333,0.86,at_least,True,24,0
NEW_HIRE_6M,GR,Digital,67.0,74.0,0.9054054054054054,0.86,at_least,True,9,0
NEW_HIRE_6M,GR,Finance,70.0,75.0,0.9333333333333333,0.86,at_least,True,4,0
NEW_HIRE_6M,GR,Sales,65.0,76.0,0.8552631578947368,0.86,at_least,False,6,0
NEW_HIRE_6M,GR,Supply Chain,63.0,75.0,0.84,0.86,at_least,False,5,0
NEW_HIRE_6M,IE,ALL,240.0,275.0,0.8727272727272727,0.86,at_least,True,27,0
NEW_HIRE_6M,IE,Digital,52.0,59.0,0.8813559322033898,0.86,at_least,True,12,0
NEW_HIRE_6M,IE,Finance,55.0,63.0,0.873015873015873,0.86,at_least,True,7,0
NEW_HIRE_6M,IE,Sales,63.0,72.0,0.875,0.86,at_least,True,4,0
NEW_HIRE_6M,IE,Supply Chain,70.0,81.0,0.8641975308641975,0.86,at_least,True,4,0
NEW_HIRE_6M,IT,ALL,280.0,324.0,0.8641975308641975,0.86,at_least,True,33,0
NEW_HIRE_6M,IT,Digital,75.0,85.0,0.8823529411764706,0.86,at_least,True,13,0
NEW_HIRE_6M,IT,Finance,76.0,88.0,0.8636363636363636,0.86,at_least,True,9,0
NEW_HIRE_6M,IT,Sales,63.0,75.0,0.84,0.86,at_least,False,5,0
NEW_HIRE_6M,IT,Supply Chain,66.0,76.0,0.868421052631579,0.86,at_least,True,6,0
NEW_HIRE_6M,PL,ALL,254.0,286.0,0.8881118881118881,0.86,at_least,True,25,0
NEW_HIRE_6M,PL,Digital,50.0,57.0,0.8771929824561403,0.86,at_least,True,4,0
NEW_HIRE_6M,PL,Finance,73.0,81.0,0.9012345679012346,0.86,at_least,True,11,0
NEW_HIRE_6M,PL,Sales,51.0,58.0,0.8793103448275862,0.86,at_least,True,5,0
NEW_HIRE_6M,PL,Supply Chain,80.0,90.0,0.8888888888888888,0.86,at_least,True,5,0
NEW_HIRE_6M,RO,ALL,257.0,302.0,0.8509933774834437,0.86,at_least,False,23,0
NEW_HIRE_6M,RO,Digital,68.0,79.0,0.8607594936708861,0.86,at_least,True,9,0
NEW_HIRE_6M,RO,Finance,69.0,83.0,0.8313253012048193,0.86,at_least,False,4,0
NEW_HIRE_6M,RO,Sales,66.0,81.0,0.8148148148148148,0.86,at_least,False,6,0
NEW_HIRE_6M,RO,Supply Chain,54.0,59.0,0.9152542372881356,0.86,at_least,True,4,0
SENIOR_HIRE_12M,ALL,ALL,202.0,259.0,0.7799227799227799,0.9,at_least,False,48,0
SENIOR_HIRE_12M,ALL,Digital,48.0,59.0,0.8135593220338984,0.9,at_least,False,7,0
SENIOR_HIRE_12M,ALL,Finance,46.0,61.0,0.7540983606557377,0.9,at_least,False,14,0
SENIOR_HIRE_12M,ALL,Sales,42.0,54.0,0.7777777777777778,0.9,at_least,False,13,0
SENIOR_HIRE_12M,ALL,Supply Chain,66.0,85.0,0.7764705882352941,0.9,at_least,False,14,0
SENIOR_HIRE_12M,BG,ALL,36.0,50.0,0.72,0.9,at_least,False,9,0
SENIOR_HIRE_12M,BG,Digital,10.0,15.0,0.6666666666666666,0.9,at_least,False,0,0
SENIOR_HIRE_12M,BG,Finance,8.0,10.0,0.8,0.9,at_least,False,4,0
SENIOR_HIRE_12M,BG,Sales,7.0,11.0,0.6363636363636364,0.9,at_least,False,1,0
SENIOR_HIRE_12M,BG,Supply Chain,11.0,14.0,0.7857142857142857,0.9,at_least,False,4,0
SENIOR_HIRE_12M,GR,ALL,43.0,54.0,0.7962962962962963,0.9,at_least,False,10,0
SENIOR_HIRE_12M,GR,Digital,12.0,13.0,0.9230769230769231,0.9,at_least,True,1,0
SENIOR_HIRE_12M,GR,Finance,8.0,10.0,0.8,0.9,at_least,False,2,0
SENIOR_HIRE_12M,GR,Sales,11.0,16.0,0.6875,0.9,at_least,False,4,0
SENIOR_HIRE_12M,GR,Supply Chain,12.0,15.0,0.8,0.9,at_least,False,3,0
SENIOR_HIRE_12M,IE,ALL,27.0,34.0,0.7941176470588235,0.9,at_least,False,9,0
SENIOR_HIRE_12M,IE,Digital,3.0,4.0,0.75,0.9,at_least,False,2,0
SENIOR_HIRE_12M,IE,Finance,8.0,9.0,0.8888888888888888,0.9,at_least,False,2,0
SENIOR_HIRE_12M,IE,Sales,7.0,8.0,0.875,0.9,at_least,False,3,0
SENIOR_HIRE_12M,IE,Supply Chain,9.0,13.0,0.6923076923076923,0.9,at_least,False,2,0
SENIOR_HIRE_12M,IT,ALL,34.0,41.0,0.8292682926829268,0.9,at_least,False,5,0
SENIOR_HIRE_12M,IT,Digital,9.0,12.0,0.75,0.9,at_least,False,0,0
SENIOR_HIRE_12M,IT,Finance,5.0,5.0,1.0,0.9,at_least,True,2,0
SENIOR_HIRE_12M,IT,Sales,9.0,9.0,1.0,0.9,at_least,True,0,0
SENIOR_HIRE_12M,IT,Supply Chain,11.0,15.0,0.7333333333333333,0.9,at_least,False,3,0
SENIOR_HIRE_12M,PL,ALL,34.0,45.0,0.7555555555555555,0.9,at_least,False,10,0
SENIOR_HIRE_12M,PL,Digital,7.0,8.0,0.875,0.9,at_least,False,2,0
SENIOR_HIRE_12M,PL,Finance,9.0,15.0,0.6,0.9,at_least,False,4,0
SENIOR_HIRE_12M,PL,Sales,2.0,2.0,1.0,0.9,at_least,True,2,0
SENIOR_HIRE_12M,PL,Supply Chain,16.0,20.0,0.8,0.9,at_least,False,2,0
SENIOR_HIRE_12M,RO,ALL,28.0,35.0,0.8,0.9,at_least,False,5,0
SENIOR_HIRE_12M,RO,Digital,7.0,7.0,1.0,0.9,at_least,True,2,0
SENIOR_HIRE_12M,RO,Finance,8.0,12.0,0.6666666666666666,0.9,at_least,False,0,0
SENIOR_HIRE_12M,RO,Sales,6.0,8.0,0.75,0.9,at_least,False,3,0
SENIOR_HIRE_12M,RO,Supply Chain,7.0,8.0,0.875,0.9,at_least,False,0,0
REGRETTED_TURNOVER_12M,ALL,ALL,80.0,1570.0,0.050955414012738856,0.075,at_most,True,0,2
REGRETTED_TURNOVER_12M,ALL,Digital,18.0,393.0,0.04580152671755725,0.075,at_most,True,0,0
REGRETTED_TURNOVER_12M,ALL,Finance,26.0,408.0,0.06372549019607843,0.075,at_most,True,0,2
REGRETTED_TURNOVER_12M,ALL,Sales,18.0,364.5,0.04938271604938271,0.075,at_most,True,0,0
REGRETTED_TURNOVER_12M,ALL,Supply Chain,18.0,404.5,0.04449938195302843,0.075,at_most,True,0,0
REGRETTED_TURNOVER_12M,BG,ALL,17.0,271.5,0.06261510128913444,0.075,at_most,True,0,0
REGRETTED_TURNOVER_12M,BG,Digital,4.0,70.5,0.05673758865248227,0.075,at_most,True,0,0
REGRETTED_TURNOVER_12M,BG,Finance,3.0,64.5,0.046511627906976744,0.075,at_most,True,0,0
REGRETTED_TURNOVER_12M,BG,Sales,3.0,64.5,0.046511627906976744,0.075,at_most,True,0,0
REGRETTED_TURNOVER_12M,BG,Supply Chain,7.0,72.0,0.09722222222222222,0.075,at_most,False,0,0
REGRETTED_TURNOVER_12M,GR,ALL,8.0,283.0,0.028268551236749116,0.075,at_most,True,0,0
REGRETTED_TURNOVER_12M,GR,Digital,3.0,76.0,0.039473684210526314,0.075,at_most,True,0,0
REGRETTED_TURNOVER_12M,GR,Finance,2.0,70.5,0.028368794326241134,0.075,at_most,True,0,0
REGRETTED_TURNOVER_12M,GR,Sales,0.0,73.0,0.0,0.075,at_most,True,0,0
REGRETTED_TURNOVER_12M,GR,Supply Chain,3.0,63.5,0.047244094488188976,0.075,at_most,True,0,0
REGRETTED_TURNOVER_12M,IE,ALL,15.0,231.0,0.06493506493506493,0.075,at_most,True,0,1
REGRETTED_TURNOVER_12M,IE,Digital,3.0,54.0,0.05555555555555555,0.075,at_most,True,0,0
REGRETTED_TURNOVER_12M,IE,Finance,6.0,52.5,0.11428571428571428,0.075,at_most,False,0,1
REGRETTED_TURNOVER_12M,IE,Sales,4.0,49.0,0.08163265306122448,0.075,at_most,False,0,0
REGRETTED_TURNOVER_12M,IE,Supply Chain,2.0,75.5,0.026490066225165563,0.075,at_most,True,0,0
REGRETTED_TURNOVER_12M,IT,ALL,14.0,275.0,0.05090909090909091,0.075,at_most,True,0,0
REGRETTED_TURNOVER_12M,IT,Digital,3.0,72.5,0.041379310344827586,0.075,at_most,True,0,0
REGRETTED_TURNOVER_12M,IT,Finance,5.0,78.0,0.0641025641025641,0.075,at_most,True,0,0
REGRETTED_TURNOVER_12M,IT,Sales,4.0,64.0,0.0625,0.075,at_most,True,0,0
REGRETTED_TURNOVER_12M,IT,Supply Chain,2.0,60.5,0.03305785123966942,0.075,at_most,True,0,0
REGRETTED_TURNOVER_12M,PL,ALL,9.0,264.0,0.03409090909090909,0.075,at_most,True,0,1
REGRETTED_TURNOVER_12M,PL,Digital,2.0,56.5,0.035398230088495575,0.075,at_most,True,0,0
REGRETTED_TURNOVER_12M,PL,Finance,4.0,74.5,0.053691275167785234,0.075,at_most,True,0,1
REGRETTED_TURNOVER_12M,PL,Sales,1.0,53.5,0.018691588785046728,0.075,at_most,True,0,0
REGRETTED_TURNOVER_12M,PL,Supply Chain,2.0,79.5,0.025157232704402517,0.075,at_most,True,0,0
REGRETTED_TURNOVER_12M,RO,ALL,17.0,245.5,0.06924643584521385,0.075,at_most,True,0,0
REGRETTED_TURNOVER_12M,RO,Digital,3.0,63.5,0.047244094488188976,0.075,at_most,True,0,0
REGRETTED_TURNOVER_12M,RO,Finance,6.0,68.0,0.08823529411764706,0.075,at_most,False,0,0
REGRETTED_TURNOVER_12M,RO,Sales,6.0,60.5,0.09917355371900827,0.075,at_most,False,0,0
REGRETTED_TURNOVER_12M,RO,Supply Chain,2.0,53.5,0.037383177570093455,0.075,at_most,True,0,0
